Name,Vendor,Catalog_Number,Date_Received,Quantity,Unit,Description,Expiration_Date,Lot_Number,Notes,Storage_Location_Top,Storage_Location_Freezer_Box_Cells,URL,ID,Antigen,Clonality,Clone,Conjugation,Primary_Or_Secondary,Raised_In,Recognizes
"CCL3,BV750",BD,624380,2025-12-16,125,µL,Intracellular,2022-09-22,2063041,,DAVE'S ABs,A9,https://inventory.labarchives.com/inventory/2DCYA7445LRG,2DCYA7445LRG,,Monoclonal,11A3,No,Primary,Mouse,Human
"CCR10,PCP-Cy5.5",BD,564772,2025-12-09,125,µL,,2019-05-31,7159696,,NYU 1,D1,https://inventory.labarchives.com/inventory/5ZDO2708IY33,5ZDO2708IY33,,Monoclonal,1B5,No,Primary,Mouse,Human
"CCR10,PCP-Cy5.5",BD,564772,2025-12-09,125,µL,,2019-05-31,7159696,,NYU 1,D2,https://inventory.labarchives.com/inventory/WVG25R5O6BBW,WVG25R5O6BBW,,Monoclonal,1B5,No,Primary,Mouse,Human
"CCR10,PCP-Cy5.5",BD,564772,2025-12-09,125,µL,,2019-05-31,7159696,,NYU 1,D3,https://inventory.labarchives.com/inventory/PI1K23874XCT,PI1K23874XCT,,Monoclonal,1B5,No,Primary,Mouse,Human
"CCR10,PCP-Cy5.5",BD,564772,2025-12-09,125,µL,,2019-05-31,7159696,,NYU 1,D4,https://inventory.labarchives.com/inventory/3VUG5X28U3DJ,3VUG5X28U3DJ,,Monoclonal,1B5,No,Primary,Mouse,Human
"CCR10,PCP-Cy5.5",BD,564772,2025-12-09,125,µL,,2019-05-31,7159696,,NYU 1,D5,https://inventory.labarchives.com/inventory/8LQ3ORAYWVLY,8LQ3ORAYWVLY,,Monoclonal,1B5,No,Primary,Mouse,Human
"CD10,Alexa Fluor700",BD,563509,2025-12-16,125,µL,Surface,2022-06-30,7229698,,NOVARTIS,D7,https://inventory.labarchives.com/inventory/MIWBSSSIY5MD,MIWBSSSIY5MD,,Monoclonal,HI10a,No,Primary,Mouse,Human
"CD10,APC-Cy7",BD,624355,2025-12-08,145,µL,Surface,2019-05-01,8103609,,RED,E3,https://inventory.labarchives.com/inventory/B910L1T7MAUH,B910L1T7MAUH,,Monoclonal,HI10a,No,Primary,Mouse,Human
"CD10,BV480",BD,746684,2025-12-16,125,µL,Surface,2020-01-31,9003914,,NOVARTIS,G5,https://inventory.labarchives.com/inventory/G2O8BNJDF6LW,G2O8BNJDF6LW,,Monoclonal,MM-78,No,Primary,Mouse,Human
"CD10,BV480",BD,746684,2025-12-09,125,µL,Surface,2020-01-31,9003915,,Violet 2,D3,https://inventory.labarchives.com/inventory/CZ1CEL9AP4BM,CZ1CEL9AP4BM,,Monoclonal,MEM-78,No,Primary,Mouse,Human
"CD10,BV480",BD,746684,2025-12-09,125,µL,Surface,2019-10-31,8296763,,Violet 2,H3,https://inventory.labarchives.com/inventory/YCUBAJM8IVGG,YCUBAJM8IVGG,,Monoclonal,MEM-78,No,Primary,Mouse,Human
"CD10,BV480",BD,746684,2021-09-30,125,µL,Surface,2021-09-30,265194,,MISC 4,B6,https://inventory.labarchives.com/inventory/R041Q5GE4MM5,R041Q5GE4MM5,,Monoclonal,MEM-78,No,Primary,Mouse,Human
"CD10,BV480",BD,746684,2021-09-30,125,µL,Surface,2021-09-30,265194,,MISC 4,B7,https://inventory.labarchives.com/inventory/802QPYG85BZY,802QPYG85BZY,,Monoclonal,MEM-78,No,Primary,Mouse,Human
"CD10,BV605",BD,562978,2025-12-09,125,µL,Surface,2020-04-30,8157523,,Violet 2,E5,https://inventory.labarchives.com/inventory/MM3N6HRZ6QBA,MM3N6HRZ6QBA,,Monoclonal,HI10A,No,Primary,Mouse,Human
"CD10,BV711",BioLegend,312225,2025-11-11,125,µL,Surface,2026-03-22,B408056,,AML Panel,I1,https://inventory.labarchives.com/inventory/0QG97IOFL1JH,0QG97IOFL1JH,,Monoclonal,HI10a,No,Primary,Mouse,Human
"CD10,BV786",BD,745553,2025-12-09,125,µL,Surface,2019-08-31,8222794,,Violet 2,E6,https://inventory.labarchives.com/inventory/A50MJ55SFT6I,A50MJ55SFT6I,,Monoclonal,MEM-78,No,Primary,Mouse,Human
"CD10,SBB810",Bio-Rad,MCA1556SBB810,2026-03-31,125,µL,,2027-04-03,100007140,,Sony,E4,https://inventory.labarchives.com/inventory/CRZ4ZUAFFFMG,CRZ4ZUAFFFMG,,Monoclonal,,No,Primary,Mouse,Human
"CD103,BV605",BD,743652,2025-12-16,125,µL,Surface,2020-11-30,9318813,,VIOLET,J2,https://inventory.labarchives.com/inventory/RD1FQ0CGB36N,RD1FQ0CGB36N,,Monoclonal,Ber-ACT8,No,Primary,Mouse,Human
"CD103,BV605",BD,743652,2025-12-16,125,µL,Surface,2020-06-30,9157886,,NOVARTIS,B2,https://inventory.labarchives.com/inventory/RVKMI3HOX89M,RVKMI3HOX89M,,Monoclonal,Ber-ACT8,No,Primary,Mouse,Human
"CD103,BV605",BD,743652,2025-12-09,125,µL,Surface,2020-11-30,9318817,,Violet 2,J3,https://inventory.labarchives.com/inventory/75TSAB6TWV6C,75TSAB6TWV6C,,Monoclonal,Ber-ACT8,No,Primary,Mouse,Human
"CD103,BV605",BD,743652,2025-12-09,125,µL,Surface,2020-11-30,9318816,,Violet 2,J4,https://inventory.labarchives.com/inventory/WB6SIVXVE3OG,WB6SIVXVE3OG,,Monoclonal,Ber-ACT8,No,Primary,Mouse,Human
"CD103,BV605",BD,743652,2025-12-08,125,µL,Surface,2019-12-31,8341858,,VIOLET 3,H4,https://inventory.labarchives.com/inventory/JVE38OXXKX1F,JVE38OXXKX1F,,Monoclonal,Ber-ACT8,No,Primary,Mouse,Human
"CD103,BV605",BD,743652,2025-12-08,125,µL,Surface,2019-12-31,8341859,,VIOLET 3,H5,https://inventory.labarchives.com/inventory/7480HRIZRQXK,7480HRIZRQXK,,Monoclonal,Ber-ACT8,No,Primary,Mouse,Human
"CD103,BV605",BD,743652,2025-12-08,125,µL,Surface,2019-12-31,8341860,,VIOLET 3,H6,https://inventory.labarchives.com/inventory/WJPFW6IX8LZ6,WJPFW6IX8LZ6,,Monoclonal,Ber-ACT8,No,Primary,Mouse,Human
"CD103,BV605",BD,743652,2025-12-08,125,µL,Surface,2019-12-31,8341861,,VIOLET 3,H7,https://inventory.labarchives.com/inventory/DBVSUQC21DNJ,DBVSUQC21DNJ,,Monoclonal,Ber-ACT8,No,Primary,Mouse,Human
"CD103,TRI-COLOR",Life Technologies,MHCD10306,2025-12-09,125,µL,Surface,2017-05-01,1693445A,,NYU 2,A1,https://inventory.labarchives.com/inventory/I8HYOEP9SQZS,I8HYOEP9SQZS,,Monoclonal,,No,Primary,,
"CD103,TRI-COLOR",Life Technologies,MHCD10306,2025-12-09,125,µL,Surface,2017-05-01,1693445A,,NYU 2,A2,https://inventory.labarchives.com/inventory/G6O9FDKYRBSJ,G6O9FDKYRBSJ,,Monoclonal,,No,Primary,,
"CD107a,APC",BD,560664,2026-01-08,125,µL,Intracellular,2025-06-30,2320580,,ALZAMEND,C1,https://inventory.labarchives.com/inventory/W6Q080IZ7TRC,W6Q080IZ7TRC,,Monoclonal,H4A3,No,Primary,Mouse,Human
"CD107a,APC",BD,560664,2026-01-08,125,µL,Intracellular,2025-06-30,2320582,,ALZAMEND,F1,https://inventory.labarchives.com/inventory/N6DRIPX6ACUY,N6DRIPX6ACUY,,Monoclonal,H4A3,No,Primary,Mouse,Human
"CD107a,APC",BD,560664,2026-01-08,125,µL,Intracellular,2025-06-30,2320582,,ALZAMEND,F2,https://inventory.labarchives.com/inventory/GSS0V59FH2T9,GSS0V59FH2T9,,Monoclonal,H4A3,No,Primary,Mouse,Human
"CD107a,APC",BD,560664,2026-01-08,125,µL,Intracellular,2025-06-30,2320582,,ALZAMEND,H1,https://inventory.labarchives.com/inventory/BS3RF4IQK0HF,BS3RF4IQK0HF,,Monoclonal,H4A3,No,Primary,Mouse,Human
"CD107a,APC",BD,560664,2026-01-08,125,µL,Intracellular,2025-06-30,2320582,,ALZAMEND,H2,https://inventory.labarchives.com/inventory/KN2BE76CLQ7X,KN2BE76CLQ7X,,Monoclonal,H4A3,No,Primary,Mouse,Human
"CD107a,APC",BD,560664,2026-01-08,125,µL,Intracellular,2025-06-30,2320582,,ALZAMEND,H3,https://inventory.labarchives.com/inventory/BANTQRBMMFCD,BANTQRBMMFCD,,Monoclonal,H4A3,No,Primary,Mouse,Human
"CD107a,APC",BD,560664,2026-01-08,125,µL,Intracellular,2025-06-30,2320582,,ALZAMEND,H4,https://inventory.labarchives.com/inventory/I078FSWY5S80,I078FSWY5S80,,Monoclonal,H4A3,No,Primary,Mouse,Human
"CD107a,BV786",BD,563869,2025-12-16,125,µL,Costain,2023-12-31,1207206,,ALKA 1,F2,https://inventory.labarchives.com/inventory/D7EEC0L1S57G,D7EEC0L1S57G,,Monoclonal,H4A3,No,Primary,Mouse,Human
"CD107a,BV786",BD,563869,2025-12-16,125,µL,Costain,2023-12-31,1207206,,ALKA 1,F6,https://inventory.labarchives.com/inventory/RZ0OP0304GRP,RZ0OP0304GRP,,Monoclonal,H4A3,No,Primary,Mouse,Human
"CD107a,PE",BD,555801,2027-06-30,125,µL,Intracellular,2027-06-30,1243758,,MISC 4,E1,https://inventory.labarchives.com/inventory/AA11G2PGPVCW,AA11G2PGPVCW,,Monoclonal,H4A3,No,Primary,Mouse,Human
"CD107a,PE-Cy5",BD,560947,2025-12-16,125,µL,Costain,2023-03-31,1055577,,DAVE'S ABs,C5,https://inventory.labarchives.com/inventory/X3LBDP34J2QP,X3LBDP34J2QP,,Monoclonal,H4A3,No,Primary,Mouse,Human
"CD107a,PE-Cy5",BD,560947,2025-12-08,142,µL,Surface/Intracellular,2022-09-14,9316021,,David Woods' Abs,B9,https://inventory.labarchives.com/inventory/RJAVDCPW90H1,RJAVDCPW90H1,,Monoclonal,H4A3,No,Primary,Mouse,Human
"CD107a,R718",BD,567036,2024-07-31,125,µL,Intracellular,2024-07-31,3047334,,MISC 4,D3,https://inventory.labarchives.com/inventory/B8YRXYBDVBDC,B8YRXYBDVBDC,,Monoclonal,H4A3,No,Primary,Mouse,Human
"CD107a,R718",BD,567036,2024-07-31,125,µL,Intracellular,2024-07-31,3047334,,MISC 4,D4,https://inventory.labarchives.com/inventory/Y31H9YAV2AXS,Y31H9YAV2AXS,,Monoclonal,H4A3,No,Primary,Mouse,Human
"CD109,BB660-P2",BD,624295,2025-12-08,125,µL,Surface,2019-03-31,8106714,,BLUE,E3,https://inventory.labarchives.com/inventory/YQ7R4FKJ5PRX,YQ7R4FKJ5PRX,,Monoclonal,TEA2/16,No,Primary,Mouse,Human
"CD11,BBB515",BD,564517,2025-12-09,125,µL,Surface,2020-03-31,7124917,,NYU 1,A1,https://inventory.labarchives.com/inventory/BKRI7OKUFGGE,BKRI7OKUFGGE,,Monoclonal,ICRF44,No,Primary,Mouse,Human
"CD11,BBB515",BD,564517,2025-12-09,125,µL,Surface,2020-03-31,7124917,,NYU 1,A2,https://inventory.labarchives.com/inventory/BS1C3ASAC1DV,BS1C3ASAC1DV,,Monoclonal,ICRF44,No,Primary,Mouse,Human
"CD11,BV500",BD,562127,2025-12-08,125,µL,Surface,2020-03-31,8318677,,VIOLET 3,C2,https://inventory.labarchives.com/inventory/3FWCC6E15HN7,3FWCC6E15HN7,,Monoclonal,M1/70,No,Primary,Mouse,Human
"CD115,AF488",BioLegend,347312,2025-11-04,125,µL,Surface,2026-11-04,B347763,,KINETIC RIVER,A4,https://inventory.labarchives.com/inventory/U6GK0U4LH78U,U6GK0U4LH78U,,Monoclonal,9-4D2-1E4,No,Primary,Rat,Human
"CD115,BB515",BD,565346,2025-12-08,125,µL,Surface,2020-07-31,9231109,,BLUE,B4,https://inventory.labarchives.com/inventory/MC3CUATLZ1ZB,MC3CUATLZ1ZB,,Monoclonal,9-4D2-1E4,No,Primary,Mouse,Human
"CD115,BUV496",BD,750489,2025-12-16,125,µL,Surface,2020-08-31,9232321,,UV 2,G4,https://inventory.labarchives.com/inventory/GN2R4LMGXV2F,GN2R4LMGXV2F,,Monoclonal,9-4D2-1E4,No,Primary,Rat,Human
"CD115,PE-Cy7",Invitrogen,25-1159-42,2025-12-08,125,µL,Surface,2021-04-26,1978181,,GREEN,F5,https://inventory.labarchives.com/inventory/MKTK6OX3HXJX,MKTK6OX3HXJX,,Monoclonal,12-3A3-1B10,No,Primary,Mouse,Human
"CD117,APC-H7",BD,560250,2025-12-08,149,µL,Surface,2022-11-30,8058686,,RED,E7,https://inventory.labarchives.com/inventory/020O8NHDHBSP,020O8NHDHBSP,,Monoclonal,2B8,No,Primary,Mouse,Human
"CD117,BV785",BioLegend,313238,2025-11-11,125,µL,Surface,2025-07-26,B397397,,AML Panel,I8,https://inventory.labarchives.com/inventory/4IXE5X6F9LX1,4IXE5X6F9LX1,,Monoclonal,104D2,No,Primary,Mouse,Human
"CD11a,BUV395",BD,565280,2025-12-16,125,µL,Surface,2024-02-29,1307442,,DAVE'S ABs,C2,https://inventory.labarchives.com/inventory/NR0SFP2GSYOD,NR0SFP2GSYOD,,Monoclonal,HI111,No,Primary,Mouse,Human
"CD11a,BUV395",BD,565280,2025-12-08,125,µL,Surface,2021-07-31,38805,,David Woods' Innate,A4,https://inventory.labarchives.com/inventory/K8X88G60SL35,K8X88G60SL35,,Monoclonal,HI111,No,Primary,Mouse,Human
"CD11a,BV480",BD,746551,2025-12-16,125,µL,Surface,2019-02-28,8045845,,VIOLET,E6,https://inventory.labarchives.com/inventory/CQ2ME7LJ05PR,CQ2ME7LJ05PR,,Monoclonal,HI111,No,Primary,Mouse,Human
"CD11a,BV480",BD,746551,2025-12-16,125,µL,Surface,2019-02-28,8045845,,VIOLET,I2,https://inventory.labarchives.com/inventory/N3BX0BRPIAI4,N3BX0BRPIAI4,,Monoclonal,HI111,No,Primary,Mouse,Human
"CD11b,BUV395",BD,563553,2025-12-16,125,µL,Surface,2020-04-30,8339988,,UV 2,G1,https://inventory.labarchives.com/inventory/D41EGE0XMU81,D41EGE0XMU81,,Monoclonal,M1/70,No,Primary,Rat,Human
"CD11b,BUV395",BD,563553,2025-12-16,125,µL,Surface,2020-04-30,8339988,,UV 2,G2,https://inventory.labarchives.com/inventory/DQVCVQW9H0PN,DQVCVQW9H0PN,,Monoclonal,M1/70,No,Primary,Rat,Human
"CD11b,BUV805",Invitrogen,368-0118-42,2026-03-31,125,µL,,2027-07-16,3351920,,Sony,C4,https://inventory.labarchives.com/inventory/36D8M5TIW53A,36D8M5TIW53A,,Monoclonal,ICRF44,No,Primary,,Human
"CD11b,BUV805",BD,748587,2025-12-23,125,µL,Surface,2026-12-31,5349948,,AML Panel,G4,https://inventory.labarchives.com/inventory/87WWAPBYEKOA,87WWAPBYEKOA,,Monoclonal,D12,No,Primary,Mouse,Human
"CD11b,BV480",BD,746704,2025-12-16,125,µL,Surface,2023-03-31,2074373,,DAVE'S ABs,D6,https://inventory.labarchives.com/inventory/QKFA10FBQG2W,QKFA10FBQG2W,,Monoclonal,ICRF44,No,Primary,Mouse,Human
"CD11b,BV480",BD,746704,2025-12-08,125,µL,Surface,2022-01-31,1004075,,David Woods' Innate,A3,https://inventory.labarchives.com/inventory/LWWKBCPP3EYM,LWWKBCPP3EYM,,Monoclonal,ICRF44,No,Primary,Mouse,Human
"CD11b,BV570",BD,824298,2025-12-16,125,µL,Surface,2019-01-31,8047795,,VIOLET,F1,https://inventory.labarchives.com/inventory/K24S9NSOO7Z3,K24S9NSOO7Z3,,Monoclonal,ICRF44,No,Primary,Mouse,Human
"CD11b,eFluor506",eBioscience,69-0112-82,2025-12-16,125,µL,Surface,2019-05-31,4306070,,VIOLET,G7,https://inventory.labarchives.com/inventory/NOLLGJ0T01VM,NOLLGJ0T01VM,,Monoclonal,M1/70,No,Primary,,Mouse
"CD11b,SUV387",BioLegend,301365,2025-11-04,125,µL,Surface,2027-04-18,B364863,,KINETIC RIVER,A1,https://inventory.labarchives.com/inventory/49JGMSQ2Q0OB,49JGMSQ2Q0OB,,Monoclonal,ICRF44,No,Primary,Mouse,Human
"CD11b/Mac-1,BUV395",BD,563839,2025-12-16,125,µL,Surface,2021-03-31,27964,,NOVARTIS,E6,https://inventory.labarchives.com/inventory/JUQR5KYA660M,JUQR5KYA660M,,Monoclonal,ICRF44,No,Primary,Mouse,Human
"CD11c,BUV661",BD,565067,2025-12-16,125,µL,Surface,2022-07-31,8116581,,UV 2,A6,https://inventory.labarchives.com/inventory/YDJCIB8RIZM7,YDJCIB8RIZM7,,Monoclonal,B-ly6,No,Primary,Mouse,Human
"CD11c,BUV661",BD,612967,2025-12-16,125,µL,Surface,2020-12-31,9191573,,UV 2,G3,https://inventory.labarchives.com/inventory/8S52XS2AWTSX,8S52XS2AWTSX,,Monoclonal,B-ly6,No,Primary,Mouse,Human
"CD11c,BUV661",BD,565067,2025-12-16,125,µL,Surface,2022-07-31,8116581,,UV,J2,https://inventory.labarchives.com/inventory/07785KTXQWN5,07785KTXQWN5,,Monoclonal,B-LY6,No,Primary,Mouse,Human
"CD11c,BUV661",BD,612967,2025-11-11,125,µL,Surface,2020-12-31,9191573,,AML Panel,F1,https://inventory.labarchives.com/inventory/D9KU300PORYV,D9KU300PORYV,,Monoclonal,B-ly6,No,Primary,Mouse,Human
"CD11c,PE",BD,555392,2025-12-16,2,mL,Surface,2024-12-31,9056868,,NOVARTIS,J1,https://inventory.labarchives.com/inventory/GPIAYR5J0ARN,GPIAYR5J0ARN,,Monoclonal,,No,Primary,Mouse,Human
"CD11c,PE",BD,555392,2025-12-09,125,µL,Surface,2023-08-31,7335517,,PI AB,D2,https://inventory.labarchives.com/inventory/AVC59JYM9M0W,AVC59JYM9M0W,,Monoclonal,,No,Primary,Mouse,Human
"CD11c,PE",BD,555392,2025-12-08,125,µL,Surface,2025-05-31,9338086,,MISC 2,I2,https://inventory.labarchives.com/inventory/AZWYPM0ZVGHY,AZWYPM0ZVGHY,,Monoclonal,,No,Primary,Mouse,Human
"CD11c,PE-Cy5.5",Invitrogen,35-0116-42,2025-12-09,125,µL,Surface,2020-07-31,4344241,,NYU 1,A3,https://inventory.labarchives.com/inventory/34BVKJV0NL7X,34BVKJV0NL7X,,Monoclonal,3.9,No,Primary,,Human
"CD11c,PE-Cy7",BD,561356,2025-12-16,125,µL,Surface,2023-02-28,1123870,,DAVE'S ABs,E3,https://inventory.labarchives.com/inventory/C66ZLRYD6DKY,C66ZLRYD6DKY,,Monoclonal,B-ly6,No,Primary,Mouse,Human
"CD11c,PE-Cy7",BD,561356,2025-12-08,125,µL,Surface,2021-09-30,9338724,,David Woods' Innate,A6,https://inventory.labarchives.com/inventory/LHE62HRDKY66,LHE62HRDKY66,,Monoclonal,B-ly6,No,Primary,Mouse,Human
"CD11c,V610SE",Novus,NBP1-45018MFV610,2026-03-31,125,µL,,2027-04-05,D211740,,Sony,E6,https://inventory.labarchives.com/inventory/WITRT4HCJ992,WITRT4HCJ992,,Monoclonal,,No,Primary,Mouse,Human
"CD123,APC-Cy7",BD,624355,2025-12-16,125,µL,Surface,2021-06-12,147104,,NOVARTIS,D6,https://inventory.labarchives.com/inventory/7F98VRRR0OIG,7F98VRRR0OIG,,Monoclonal,7G3,No,Primary,Mouse,Human
"CD123,APC-CY7",BD,624355,2025-12-08,125,µL,Surface,2021-07-31,275050,,MISC 2,G1,https://inventory.labarchives.com/inventory/OPZBHORT4YA8,OPZBHORT4YA8,,Monoclonal,7G3,No,Primary,Mouse,Human
"CD123,APC-CY7",BD,624355,2025-12-08,125,µL,Surface,2021-07-31,275050,,MISC 2,G2,https://inventory.labarchives.com/inventory/18SDU5VXLRFZ,18SDU5VXLRFZ,,Monoclonal,7G3,No,Primary,Mouse,Human
"CD123,APC-CY7",BD,624355,2025-12-08,125,µL,Surface,2021-07-31,275050,,MISC 2,G3,https://inventory.labarchives.com/inventory/UZ1S7E8HZ37V,UZ1S7E8HZ37V,,Monoclonal,7G3,No,Primary,Mouse,Human
"CD123,APC-CY7",BD,624355,2025-12-08,125,µL,Surface,2021-07-31,275050,,MISC 2,G4,https://inventory.labarchives.com/inventory/XOQFLNBLY2M7,XOQFLNBLY2M7,,Monoclonal,7G3,No,Primary,Mouse,Human
"CD123,BB515",BD,567715,2023-11-30,125,µL,Intracellular,2023-11-30,2152914,,MISC 4,D2,https://inventory.labarchives.com/inventory/41ZSU4ADE8QC,41ZSU4ADE8QC,,Monoclonal,6H6,No,Primary,Mouse,Human
"CD123,RB545",BD,569269,2026-03-31,125,µL,,2027-01-31,5107265,,Sony,C7,https://inventory.labarchives.com/inventory/NMPQT8NZZ31J,NMPQT8NZZ31J,,Monoclonal,7G3,No,Primary,Mouse,Human
"CD123,SB436",Invitrogen,62-1239-42,2025-12-23,125,µL,Surface,2029-08-10,3002624,,AML Panel,F8,https://inventory.labarchives.com/inventory/C6VFYMR0KVTZ,C6VFYMR0KVTZ,,Monoclonal,6H6,No,Primary,,Human
"CD124,PE",BD,552178,2025-12-09,125,µL,Surface,2023-03-31,7125790,,NYU 2,A3,https://inventory.labarchives.com/inventory/GASYTZV28VCS,GASYTZV28VCS,,Monoclonal,,No,Primary,Mouse,Human
"CD126,APC-R700",BD,624348,2025-12-08,144,µL,Surface,2019-05-01,8106703,,RED,E2,https://inventory.labarchives.com/inventory/2KQGKVM6NG5S,2KQGKVM6NG5S,,Monoclonal,M5,No,Primary,Mouse,Human
"CD127,Alexa Fluor647",BD,558598,2025-12-09,125,µL,Surface,2022-04-30,7167820,,NYU 2,A4,https://inventory.labarchives.com/inventory/CRUOXMIR2YMG,CRUOXMIR2YMG,,Monoclonal,HIL-7R-M21,No,Primary,Mouse,Human
"CD127,Alexa Fluor647",BD,558598,2025-12-09,125,µL,Surface,2021-04-30,6295517,,NYU 2,B1,https://inventory.labarchives.com/inventory/1UR5XL0EF1SV,1UR5XL0EF1SV,,Monoclonal,HIL-7R-M21,No,Primary,Mouse,Human
"CD127,BB700",BD,566398,2025-12-08,125,µL,Surface,2020-01-31,8236875,,BLUE,G1,https://inventory.labarchives.com/inventory/58S1FR5IZHRT,58S1FR5IZHRT,,Monoclonal,HIL-7R-M21,No,Primary,Mouse,Human
"CD127,BUV496",BD,624283,2025-12-16,125,µL,Surface,2019-05-31,8291581,,UV 2,D2,https://inventory.labarchives.com/inventory/203XZOHZ02LU,203XZOHZ02LU,,Monoclonal,HIL-7R-M21,No,Primary,Mouse,Human
"CD127,BUV496",BD,624283,2025-12-16,125,µL,Surface,2020-03-22,9049891,,NOVARTIS,H2,https://inventory.labarchives.com/inventory/N7K4S0J7O6XX,N7K4S0J7O6XX,,Monoclonal,HIL-7R-M21,No,Primary,Mouse,Human
"CD127,BV570",BD,624298,2025-12-16,125,µL,Surface,2023-04-08,2063037,,DAVE'S ABs,A6,https://inventory.labarchives.com/inventory/QD7L0SDVO310,QD7L0SDVO310,,Monoclonal,40131.111,No,Primary,Mouse,Human
"CD127,BV650",BD,563225,2025-12-16,125,µL,Surface,2020-05-31,8352525,,VIOLET,C4,https://inventory.labarchives.com/inventory/IKHSK9ITWE9E,IKHSK9ITWE9E,,Monoclonal,HIL-7R-M21,No,Primary,Mouse,Human
"CD127,BV650",BD,563225,2025-12-16,125,µL,Surface,2020-05-31,8352525,,VIOLET,E5,https://inventory.labarchives.com/inventory/97V9I65TA4O2,97V9I65TA4O2,,Monoclonal,HIL-7R-M21,No,Primary,Mouse,Human
"CD127,BV650",BD,563225,2025-12-09,125,µL,Surface,2019-05-31,8081747,,Violet 2,E4,https://inventory.labarchives.com/inventory/BQSK2LP6T3MN,BQSK2LP6T3MN,,Monoclonal,HIL-7R-M21,No,Primary,Mouse,Human
"CD127,BV786",BD,563324,2025-12-09,125,µL,Surface,2020-01-31,7226768,,Violet 2,E3,https://inventory.labarchives.com/inventory/QAPCHRU2LOX7,QAPCHRU2LOX7,,Monoclonal,HIL-7R-M21,No,Primary,Mouse,Human
"CD127,BV786",BD,563324,2025-12-09,125,µL,Surface,2020-01-31,8107612,,Violet 2,G2,https://inventory.labarchives.com/inventory/EF8YJQ2T7UKC,EF8YJQ2T7UKC,,Monoclonal,HIL-7R-M21,No,Primary,Mouse,Human
"CD127,PE-CF594",BD,562397,2025-12-08,135,µL,Surface,2019-07-31,8106871,,MISC 5,E4,https://inventory.labarchives.com/inventory/0M5IB9Q9YFZF,0M5IB9Q9YFZF,,Monoclonal,HIL-7R-M21,No,Primary,Mouse,Human
"CD127,PE-Cy5",BioLegend,351324,2025-12-08,125,µL,Surface,2023-01-30,B249939,,GREEN,H2,https://inventory.labarchives.com/inventory/ZE1Q6VE140MH,ZE1Q6VE140MH,,Monoclonal,A019D5,No,Primary,Mouse,Human
"CD127,PErCP-eF710",Invitrogen,46-1278-42,2025-10-28,125,µL,Surface,2027-07-25,2998051,,NEXT POINT,A1,https://inventory.labarchives.com/inventory/373XYFNVQ73E,373XYFNVQ73E,,Monoclonal,eBioRDR5,No,Primary,,Human
"CD127,RY586",BD,131418,2025-12-08,125,µL,Surface,2023-01-30,131418,,MISC 2,E2,https://inventory.labarchives.com/inventory/ZLN97X160R2O,ZLN97X160R2O,,Monoclonal,HIL-7R-M21,No,Primary,Mouse,Human
CD13,BD,752134,2025-12-23,125,µL,Surface,2025-04-30,4116252,,AML Panel,E5,https://inventory.labarchives.com/inventory/DQ8E7SW3AOAE,DQ8E7SW3AOAE,,Monoclonal,L138,No,Primary,Mouse,Human
CD13(Unconjugated),Invitrogen,14-0138-82,2025-12-08,141,µL,Surface,2032-02-27,2785607,,MISC 5,J9,https://inventory.labarchives.com/inventory/MBHW2BYE4O4Q,MBHW2BYE4O4Q,,Monoclonal,WM15,No,Primary,Mouse,Human
"CD13,BV421",BD,562596,2025-11-11,125,µL,Surface,2025-03-31,1235700,,AML Panel,C5,https://inventory.labarchives.com/inventory/QA14PCYYQ3KR,QA14PCYYQ3KR,,Monoclonal,WM15,No,Primary,Mouse,Human
"CD13,cf350",Biotium,92250A,2025-11-11,125,µL,Surface,2026-11-11,11C1001-104187,,AML Panel,A10,https://inventory.labarchives.com/inventory/A6P1ARGKTICE,A6P1ARGKTICE,,Monoclonal,,No,Primary,,
"CD13,RB780",BD,755811,2025-01-31,125,µL,Surface,2025-01-31,4024904,,MISC 4,C8,https://inventory.labarchives.com/inventory/KJCLN2OD5WJ8,KJCLN2OD5WJ8,,Monoclonal,L138,No,Primary,Mouse,Human
"CD131,PE",BioLegend,306104,2025-11-11,125,µL,Surface,2026-11-11,B333527,,AML Panel,G7,https://inventory.labarchives.com/inventory/B9AE4LSFAKOF,B9AE4LSFAKOF,,Monoclonal,1C1,No,Primary,Mouse,Human
"CD132,BUV395",BD,743444,2025-12-16,125,µL,Surface,2019-12-31,8340691,,UV 2,B4,https://inventory.labarchives.com/inventory/SRC6Y0SNBC49,SRC6Y0SNBC49,,Monoclonal,TUGh4,No,Primary,Rat,Human
"CD132,BUV395",BD,743444,2025-12-16,125,µL,Surface,2019-12-31,8340693,,UV 2,E2,https://inventory.labarchives.com/inventory/5AHAU8MTOMVY,5AHAU8MTOMVY,,Monoclonal,TUGh4,No,Primary,Rat,Human
"CD132,BUV395",BD,743444,2025-12-16,125,µL,Surface,2019-03-31,8089522,,UV,G4,https://inventory.labarchives.com/inventory/YBXSWBFJ16JY,YBXSWBFJ16JY,,Monoclonal,TUGh4,No,Primary,Mouse,Human
"CD132,BUV395",BD,743444,2025-12-16,125,µL,Surface,2019-10-31,8296753,,NOVARTIS,I2,https://inventory.labarchives.com/inventory/TFK1ACR5WE6P,TFK1ACR5WE6P,,Monoclonal,TUGh4,No,Primary,Rat,Human
"CD133,FITC",BD,567029,2025-11-11,125,µL,Surface,2030-02-28,4109695,,AML Panel,F4,https://inventory.labarchives.com/inventory/XWDMJVH0CR0E,XWDMJVH0CR0E,,Monoclonal,W6B3C1,No,Primary,Mouse,Human
"CD134,APC-Cy7",BD,624355,2025-12-08,125,µL,Surface,2019-02-22,8047822,,RED,B4,https://inventory.labarchives.com/inventory/1LI5CS7VO9SR,1LI5CS7VO9SR,,Monoclonal,ACT35,No,Primary,Mouse,Human
"CD134,APC-Cy7",BD,624355,2025-12-08,161,µL,Surface,2019-11-09,8291711,,RED,G5,https://inventory.labarchives.com/inventory/V77ZCIHRANX3,V77ZCIHRANX3,,Monoclonal,ACT35,No,Primary,Mouse,Human
"CD134,BV421",BD,743283,2025-12-08,125,µL,Surface,2020-06-30,9157865,,VIOLET 3,F1,https://inventory.labarchives.com/inventory/EP366IBM97WE,EP366IBM97WE,,Monoclonal,ACT35,No,Primary,Mouse,Human
"CD134,BV421",BD,743283,2025-12-08,125,µL,Surface,2020-06-30,9157864,,VIOLET 3,F2,https://inventory.labarchives.com/inventory/2RJEHFMYBZIQ,2RJEHFMYBZIQ,,Monoclonal,ACT35,No,Primary,Mouse,Human
"CD134,BV711",BD,745518,2025-12-16,125,µL,Surface,2020-06-30,9157831,,NOVARTIS,B5,https://inventory.labarchives.com/inventory/Z0MM4RJKWUTH,Z0MM4RJKWUTH,,Monoclonal,L106,No,Primary,Mouse,Human
"CD134,BV711",BD,745518,2025-12-08,125,µL,Surface,2019-12-31,8341864,,VIOLET 3,B1,https://inventory.labarchives.com/inventory/MUQJZXTDPJAW,MUQJZXTDPJAW,,Monoclonal,L106,No,Primary,Mouse,Human
"CD134,BV711",BD,745518,2025-12-08,125,µL,Surface,2019-12-31,8341865,,VIOLET 3,B2,https://inventory.labarchives.com/inventory/V7ERXBSD3V5X,V7ERXBSD3V5X,,Monoclonal,L106,No,Primary,Mouse,Human
"CD134,BV711",BD,745518,2025-12-08,125,µL,Surface,2019-12-31,8341866,,VIOLET 3,B3,https://inventory.labarchives.com/inventory/URU6YGA2UT7K,URU6YGA2UT7K,,Monoclonal,L106,No,Primary,Mouse,Human
"CD134,BV711",BD,745518,2025-12-08,125,µL,Surface,2020-06-30,9157834,,VIOLET 3,C4,https://inventory.labarchives.com/inventory/OJA475VUKZ6X,OJA475VUKZ6X,,Monoclonal,L106,No,Primary,Mouse,Human
"CD135,BV711",BD,563908,2025-10-28,125,µL,Surface,2026-07-31,302179,,HORIZON PANEL,A7,https://inventory.labarchives.com/inventory/RDRZYRSCM0TO,RDRZYRSCM0TO,,Monoclonal,4G8,No,Primary,Mouse,Human
"CD135R-,PE",abcam,STN273755,2025-10-28,125,µL,Surface,2026-10-28,1001045251,"Glass bottle, non standard, little information, No expiration listed",HORIZON PANEL,I6,https://inventory.labarchives.com/inventory/BLUGE4LHISV8,BLUGE4LHISV8,,Monoclonal,,No,Primary,,Human
"CD137,BB630-P2",BD,624294,2025-12-16,125,µL,Surface,2020-01-31,9049882,,NOVARTIS,A3,https://inventory.labarchives.com/inventory/Z1JJWREJUEWO,Z1JJWREJUEWO,,Monoclonal,4B4-1,No,Primary,Mouse,Human
"CD137,BB630-P2",BD,624294,2025-12-08,125,µL,Surface,2021-02-28,41106,,BLUE,G5,https://inventory.labarchives.com/inventory/DQXYKGZG9X0L,DQXYKGZG9X0L,,Monoclonal,4B4-1,No,Primary,Mouse,Human
"CD137,BB630-P2",BD,624294,2025-12-08,125,µL,Surface,2021-02-28,41106,,BLUE,G6,https://inventory.labarchives.com/inventory/K1GAKVMVLJNU,K1GAKVMVLJNU,,Monoclonal,4B4-1,No,Primary,Mouse,Human
"CD137,BB630-P2",BD,624294,2025-12-08,125,µL,Surface,2021-02-28,41106,,BLUE,H3,https://inventory.labarchives.com/inventory/KGZ4K3ZPBPRY,KGZ4K3ZPBPRY,,Monoclonal,4B4-1,No,Primary,Mouse,Human
"CD137,BUV395",BD,745737,2025-12-16,125,µL,Surface,2019-10-31,8296760,,UV 2,B3,https://inventory.labarchives.com/inventory/5XRSCOK78C86,5XRSCOK78C86,,Monoclonal,4B4-1,No,Primary,Mouse,Human
"CD137,BUV395",BD,745737,2025-12-16,125,µL,Surface,2019-10-31,8296761,,UV 2,B6,https://inventory.labarchives.com/inventory/770NPZJLY1OI,770NPZJLY1OI,,Monoclonal,4B4-1,No,Primary,Mouse,Human
"CD137,BUV395",BD,745737,2025-12-16,125,µL,Surface,2020-08-30,9157869,,UV 2,F3,https://inventory.labarchives.com/inventory/9E9LPAEGQJ6S,9E9LPAEGQJ6S,,Monoclonal,4B4-1,No,Primary,Mouse,Human
"CD137,BUV395",BD,744398,2025-12-16,125,µL,Surface,2019-02-28,8044780,,UV,E1,https://inventory.labarchives.com/inventory/IQTDSQMY5PHR,IQTDSQMY5PHR,,Monoclonal,C65-485,No,Primary,Mouse,Human
"CD137,BUV395",BD,745737,2025-12-16,125,µL,Surface,2019-02-28,8045830,,UV,E3,https://inventory.labarchives.com/inventory/FAG3SB1XNUK5,FAG3SB1XNUK5,,Monoclonal,4B4-1,No,Primary,Mouse,Human
"CD137,BUV395",BD,745737,2025-12-16,125,µL,Surface,2019-02-28,8045831,,UV,G3,https://inventory.labarchives.com/inventory/RQTKNH6NKVXT,RQTKNH6NKVXT,,Monoclonal,4B4-1,No,Primary,Mouse,Human
"CD137,BV605",BD,744394,2025-12-16,125,µL,Surface,2020-06-30,9169978,,VIOLET,E2,https://inventory.labarchives.com/inventory/4VLPW27VJDEV,4VLPW27VJDEV,,Monoclonal,C65-485,No,Primary,Mouse,Human
"CD137,BV605",BD,744394,2025-12-08,125,µL,Surface,2019-12-31,8341863,,VIOLET 3,H8,https://inventory.labarchives.com/inventory/FCI9HMR72K8N,FCI9HMR72K8N,,Monoclonal,C65-485,No,Primary,Mouse,Human
"CD138,BV480",BD,566204,2025-12-16,125,µL,Surface,2018-10-31,7156514,,VIOLET,A5,https://inventory.labarchives.com/inventory/O8B8VECBGECC,O8B8VECBGECC,,Monoclonal,MI15,No,Primary,Mouse,Human
"CD14,AF700",BD,557923,2025-12-16,125,µL,Surface,2023-12-31,1076791,,DAVE'S ABs,E4,https://inventory.labarchives.com/inventory/7GD3NJKB2CE9,7GD3NJKB2CE9,,Monoclonal,,No,Primary,Mouse,Human
"CD14,AF700",BD,557923,2025-12-16,125,µL,Surface,2022-12-31,23216,,DAVE'S ABs,G1,https://inventory.labarchives.com/inventory/HKBBUIUTVT6I,HKBBUIUTVT6I,,Monoclonal,,No,Primary,Mouse,Human
"CD14,AF700",BioLegend,325614,2025-12-08,125,µL,Surface,2026-07-12,B362238,,David Woods' Innate,B2,https://inventory.labarchives.com/inventory/CKSIG2U2YHJZ,CKSIG2U2YHJZ,,Monoclonal,HCD14,No,Primary,Mouse,Human
"CD14,APC",BD,561708,2025-12-08,131,µL,Surface,2020-05-31,7195873,,RED,C4,https://inventory.labarchives.com/inventory/ZQN4XZDG4DUP,ZQN4XZDG4DUP,,Monoclonal,M5E2,No,Primary,Mouse,Human
"CD14,BUV395",BD,563561,2025-10-28,125,µL,Surface,2015-08-31,4080797,,HORIZON PANEL,C3,https://inventory.labarchives.com/inventory/2CBR104355S7,2CBR104355S7,,Monoclonal,MOPg,No,Primary,Mouse,Human
"CD14,BUV395",BD,563561,2025-10-28,125,µL,Surface,2015-08-31,4080797,,HORIZON PANEL,A2,https://inventory.labarchives.com/inventory/KZE162XOFHXT,KZE162XOFHXT,,Monoclonal,MOPg,No,Primary,Mouse,Human
"CD14,BUV395",BD,563561,2025-10-28,125,µL,Surface,2015-08-31,4080797,,NEXT POINT,E7,https://inventory.labarchives.com/inventory/JZWD030ZEDKK,JZWD030ZEDKK,,Monoclonal,MOPg,No,Primary,Mouse,Human
"CD14,BUV563",BD,441441,2025-11-11,125,µL,Surface,2025-05-31,41448891,,AML Panel,C1,https://inventory.labarchives.com/inventory/OMXH0U8O1FAY,OMXH0U8O1FAY,,Monoclonal,MOPG,No,Primary,Mouse,Human
"CD14,BUV563",BD,741441,2025-12-23,125,µL,Surface,2025-08-31,4235513,,AML Panel,F5,https://inventory.labarchives.com/inventory/ENQLK87PG6F4,ENQLK87PG6F4,,Monoclonal,MOPG,No,Primary,Mouse,Human
"CD14,BUV563",BD,741441,2025-11-11,125,µL,Surface,2023-10-31,2285521,,AML Panel,J5,https://inventory.labarchives.com/inventory/PDDWAD5FF5SA,PDDWAD5FF5SA,,Monoclonal,MOPG,No,Primary,Mouse,Human
"CD14,BUV805",BD,565779,2025-12-16,125,µL,Surface,2020-03-31,8318778,,UV 2,D3,https://inventory.labarchives.com/inventory/9QGWLBR6LZFJ,9QGWLBR6LZFJ,,Monoclonal,M5E2,No,Primary,Mouse,Human
"CD14,BUV805",BD,612902,2025-12-16,125,µL,Surface,2019-10-05,8290576,,UV 2,F2,https://inventory.labarchives.com/inventory/I0VQUG6MB7UR,I0VQUG6MB7UR,,Monoclonal,M5E2,No,Primary,Mouse,Human
"CD14,BUV805",BD,565779,2025-12-16,125,µL,Surface,2019-06-30,801551,,UV,E5,https://inventory.labarchives.com/inventory/3C9X76JCWLV8,3C9X76JCWLV8,,Monoclonal,M5E2,No,Primary,Mouse,Human
"CD14,BV605",BD,564054,2025-12-16,125,µL,Surface,2020-10-31,9135670,,NOVARTIS,G7,https://inventory.labarchives.com/inventory/JREMHJQ89KV7,JREMHJQ89KV7,,Monoclonal,M5E2,No,Primary,Mouse,Human
"CD14,BV605",BD,564054,2025-12-16,125,µL,Surface,2019-12-31,8194956,,NOVARTIS,I1,https://inventory.labarchives.com/inventory/2FB2Z82HHTXL,2FB2Z82HHTXL,,Monoclonal,M5E2,No,Primary,Mouse,Human
"CD14,BV605",BD,564054,2025-12-09,125,µL,Surface,2019-12-31,8194956,,Violet 2,B8,https://inventory.labarchives.com/inventory/WP8ILNHHQFR7,WP8ILNHHQFR7,,Monoclonal,M5E2,No,Primary,Mouse,Human
"CD14,BV650",BioLegend,301835,2025-12-09,125,µL,Surface,2022-01-30,B221659,,NYU 1,A4,https://inventory.labarchives.com/inventory/O7BPHSA4U1FC,O7BPHSA4U1FC,,Monoclonal,M5E2,No,Primary,,Human
"CD14,BV650",BioLegend,301835,2025-12-09,125,µL,Surface,2022-01-30,B207331,,NYU 1,A5,https://inventory.labarchives.com/inventory/2BTONX8LMVEX,2BTONX8LMVEX,,Monoclonal,M5E2,No,Primary,,Human
"CD14,BV711",BD,563372,2025-12-09,125,µL,Surface,2018-10-31,8025911,,Violet 2,B5,https://inventory.labarchives.com/inventory/8L08ND9FF75B,8L08ND9FF75B,,Monoclonal,MphiP9,No,Primary,Mouse,Human
"CD14,BV786",BD,741034,2025-12-16,125,µL,Surface,2019-02-28,8044705,,VIOLET,D2,https://inventory.labarchives.com/inventory/LLXELQ726D3K,LLXELQ726D3K,,Monoclonal,M0P9,No,Primary,Mouse,Human
"CD14,BV786",BD,741034,2025-12-09,125,µL,Surface,2019-10-31,8296737,,Violet 2,G8,https://inventory.labarchives.com/inventory/L02GMSJR7XGY,L02GMSJR7XGY,,Monoclonal,MphiP9,No,Primary,Mouse,Human
"CD14,BV786",BD,741034,2025-12-08,132,µL,Surface,2019-02-28,8044703,,MISC 5,C4,https://inventory.labarchives.com/inventory/UWW6A094J1PW,UWW6A094J1PW,,Monoclonal,MoP9,No,Primary,Mouse,Human
"CD14,PECy5",BD,301864,2025-12-08,125,µL,Surface,2023-01-30,B325541,,ROSS S,E1,https://inventory.labarchives.com/inventory/1VCEXQK9JYNY,1VCEXQK9JYNY,,Monoclonal,M5E2,No,Primary,Mouse,Human
"CD14,PECy5",BD,301864,2025-12-08,125,µL,Surface,2023-01-30,B325541,,ROSS S,E2,https://inventory.labarchives.com/inventory/5NBEZNA3XVGJ,5NBEZNA3XVGJ,,Monoclonal,M5E2,No,Primary,Mouse,Human
"CD14,PECy5",BD,301864,2025-12-08,125,µL,Surface,2023-01-30,B325541,,ROSS S,E3,https://inventory.labarchives.com/inventory/Y3MFC357YEEK,Y3MFC357YEEK,,Monoclonal,M5E2,No,Primary,Mouse,Human
"CD14,PECy5",BD,301864,2025-12-08,125,µL,Surface,2023-01-30,B325541,,ROSS S,E4,https://inventory.labarchives.com/inventory/5EHSTRYUPFLG,5EHSTRYUPFLG,,Monoclonal,M5E2,No,Primary,Mouse,Human
"CD14,PECy5",BD,301864,2025-12-08,125,µL,Surface,2023-01-30,B325541,,ROSS S,E5,https://inventory.labarchives.com/inventory/1M3HOOA4WTR7,1M3HOOA4WTR7,,Monoclonal,M5E2,No,Primary,Mouse,Human
"CD14,PECy5",BD,301864,2025-12-08,125,µL,Surface,2023-01-30,B325541,,ROSS S,E6,https://inventory.labarchives.com/inventory/QWSY7EFFA3GM,QWSY7EFFA3GM,,Monoclonal,M5E2,No,Primary,Mouse,Human
"CD14,PECy5",BD,301864,2025-12-08,125,µL,Surface,2023-01-30,B325541,,ROSS S,E7,https://inventory.labarchives.com/inventory/KRKFL9NW8IVW,KRKFL9NW8IVW,,Monoclonal,M5E2,No,Primary,Mouse,Human
"CD14,PECy5",BD,301864,2025-12-08,125,µL,Surface,2023-01-30,B325541,,ROSS S,E8,https://inventory.labarchives.com/inventory/RXEMMCR20MIM,RXEMMCR20MIM,,Monoclonal,M5E2,No,Primary,Mouse,Human
"CD14,SUV387",BioLegend,399216,2026-03-31,125,µL,,2029-06-24,B488275,,Sony,B1,https://inventory.labarchives.com/inventory/I4039JIJOAJ2,I4039JIJOAJ2,,Monoclonal,S18004B,No,Primary,Mouse,Human
"CD141,AF647",BioLegend,344124,2026-03-31,125,µL,Thrombomodulin,2027-11-01,B433736,,Sony,A4,https://inventory.labarchives.com/inventory/ZF5OPFUGP8L0,ZF5OPFUGP8L0,,Monoclonal,M80,No,Primary,Mouse,Human
"CD141,BUV496",BD,624283,2025-12-16,125,µL,Surface,2020-07-09,9172997,,UV,J1,https://inventory.labarchives.com/inventory/D07X7TG0LCL2,D07X7TG0LCL2,,Monoclonal,1A4,No,Primary,Mouse,Human
"CD141,BUV496",BD,624283,2025-12-16,125,µL,Surface,2021-01-03,9343174,,NOVARTIS,E7,https://inventory.labarchives.com/inventory/TNH41LYHG0UF,TNH41LYHG0UF,,Monoclonal,1A4,No,Primary,Mouse,Human
"CD146,PE",BD,550315,2025-12-09,125,µL,Surface,2022-05-31,7096855,,NYU 2,B4,https://inventory.labarchives.com/inventory/87WE7VYCTA9M,87WE7VYCTA9M,,Monoclonal,,No,Primary,Mouse,Human
"CD148,RB780",BD,755640,2026-03-31,125,µL,,2027-03-31,6078445,,Sony,D3,https://inventory.labarchives.com/inventory/QSMVL2DL6BR8,QSMVL2DL6BR8,,Monoclonal,A3,No,Primary,Mouse,Human
"CD15,BV605",BioLegend,323032,2025-12-23,500,µL,SURFACE,2026-12-11,B471159,,AML Panel,F6,https://inventory.labarchives.com/inventory/D2AXZ5QV39YP,D2AXZ5QV39YP,,Monoclonal,W6D3,No,Primary,Mouse,Human
"CD15,eF459",Invitrogen,48-0158-41,2025-11-04,125,µL,Surface,2024-03-09,2348447,,KINETIC RIVER,A2,https://inventory.labarchives.com/inventory/7AKD96YKCVVI,7AKD96YKCVVI,,Monoclonal,MMA,No,Primary,,Human
"CD15,PE-CF594",BD,562372,2025-12-08,125,µL,Surface,2019-03-31,7111646,,GREEN,B3,https://inventory.labarchives.com/inventory/FKKQC98RGB08,FKKQC98RGB08,,Monoclonal,W6D3,No,Primary,Mouse,Human
"CD15,PE-CF594",BD,562463,2025-12-08,125,µL,Surface,2019-11-30,8173646,,GREEN,G2,https://inventory.labarchives.com/inventory/13ZQ3MU9CALE,13ZQ3MU9CALE,,Monoclonal,HI98,No,Primary,Mouse,Human
"CD15,PE-CF594",BD,562372,2025-12-08,125,µL,Surface,2020-11-01,8347588,,GREEN,J4,https://inventory.labarchives.com/inventory/371W12DLK0UF,371W12DLK0UF,,Monoclonal,W6D3,No,Primary,Mouse,Human
"CD15,PECy5",BioLegend,323014,2025-12-09,125,µL,Surface,2022-01-30,B241407,,NYU 1,A6,https://inventory.labarchives.com/inventory/W0GSWBIQXIRU,W0GSWBIQXIRU,,Monoclonal,W6D3,No,Primary,,Human
"CD15,PECy5",BioLegend,323014,2025-12-09,125,µL,Surface,2022-01-30,B212669,,NYU 1,A7,https://inventory.labarchives.com/inventory/U0QMUO1TPRI7,U0QMUO1TPRI7,,Monoclonal,W6D3,No,Primary,,Human
"CD15,PECy5",BD,323014,2025-12-09,125,µL,Surface,2018-06-30,B241407,MISSING!,NYU 1,A8,https://inventory.labarchives.com/inventory/LPQGC9XKW0N0,LPQGC9XKW0N0,,Monoclonal,W6D3,No,Primary,Mouse,Human
"CD152,PE-Cy7",Invitrogen,25-1529-42,2025-12-08,126,µL,Surface,2021-03-20,1984812,,MISC 5,A2,https://inventory.labarchives.com/inventory/5WBQJEA8QIVU,5WBQJEA8QIVU,,Monoclonal,14D3,No,Primary,Mouse,Human
"CD152,PE-Cy7",Invitrogen,25-1529-42,2015-10-25,125,µL,Surface/Intracellular,2021-03-20,1984812,,ALKA 2,C1,https://inventory.labarchives.com/inventory/CIZ8ESG8BSES,CIZ8ESG8BSES,,Monoclonal,2-L1-A,No,Primary,Mouse,Mouse
"CD154,PE",BD,555700,2026-01-08,125,µL,Costain,2026-09-30,357889,,ALZAMEND,B6,https://inventory.labarchives.com/inventory/0QFTAFMAK9C6,0QFTAFMAK9C6,,Monoclonal,,No,Primary,Mouse,Human
"CD154,PE",BD,555700,2025-12-18,2,mL,,2027-06-30,1300903,large bottle,Unassigned,G7,https://inventory.labarchives.com/inventory/MG1HS4KKZIAF,MG1HS4KKZIAF,,Monoclonal,,No,Primary,Mouse,Human
"CD154,PE",BD,561720,2025-12-16,125,µL,Costain,2021-12-31,7096702,IN MICROCENTRIFUGE TUBE,LASE,B4,https://inventory.labarchives.com/inventory/4WQBS3DSV7EY,4WQBS3DSV7EY,,Monoclonal,TRAP1,No,Primary,Mouse,Human
"CD154,PE",BioLegend,310806,2025-12-16,125,µL,Costain,2028-01-05,B409449,MISSING!,LASE,C4,https://inventory.labarchives.com/inventory/JX4NU7ERUL6V,JX4NU7ERUL6V,,Monoclonal,24-31,No,Primary,Mouse,Human
"CD154,PE",BD,555700,2025-12-08,125,µL,Intracellular,2026-09-30,357899,,MISC 3,A2,https://inventory.labarchives.com/inventory/J850M7ZFPSUE,J850M7ZFPSUE,,Monoclonal,,No,Primary,Mouse,Human
"CD154,PE",BD,555700,2025-12-08,125,µL,Surface/Intracullular,2027-06-30,1300903,,ROSS IC,F1,https://inventory.labarchives.com/inventory/509EUFP3QCOZ,509EUFP3QCOZ,,Monoclonal,,No,Primary,Mouse,Human
"CD154,PE",BD,561720,2025-12-08,125,µL,Costain,2021-12-31,7096702,,GREEN,E8,https://inventory.labarchives.com/inventory/JW38YYGX9P6L,JW38YYGX9P6L,,Monoclonal,TRAP1,No,Primary,Mouse,Human
"CD159C,RB705",BD,756941,2026-03-31,125,µL,,2027-03-31,6078448,,Sony,E1,https://inventory.labarchives.com/inventory/CZITKQOZ2PBF,CZITKQOZ2PBF,,Monoclonal,134591,No,Primary,Mouse,Human
"CD16,BB700",BD,742286,2025-12-16,125,µL,Surface,2019-10-31,8296740,,NOVARTIS,G4,https://inventory.labarchives.com/inventory/HNDXZXO98GIN,HNDXZXO98GIN,,Monoclonal,B73.1,No,Primary,Mouse,Human
"CD16,BB700",BD,742286,2025-12-16,125,µL,Surface,2020-01-31,9014796,,NOVARTIS,H5,https://inventory.labarchives.com/inventory/HWZCO1B78K25,HWZCO1B78K25,,Monoclonal,B73.1,No,Primary,Mouse,Human
"CD16,BB700",BD,746199,2025-12-08,125,µL,Surface,2020-07-31,9203901,,BLUE,J3,https://inventory.labarchives.com/inventory/6Y009VDG0O99,6Y009VDG0O99,,Monoclonal,3G8,No,Primary,Mouse,Human
"CD16,BUV496",BD,612944,2025-12-17,500,µL,SURFACE,2029-07-31,5226504,,AML Panel,G9,https://inventory.labarchives.com/inventory/GFGFDV97QND3,GFGFDV97QND3,,Monoclonal,3G8,No,Primary,Mouse,Human
"CD16,BUV496",,,2025-12-16,125,µL,Surface,2014-08-13,,,UV,C1,https://inventory.labarchives.com/inventory/VVAZVDO38ZH0,VVAZVDO38ZH0,,Monoclonal,3G8,No,Primary,Mouse,Human
"CD16,BUV496",BD,612944,2025-11-11,125,µL,Surface,2027-11-30,4019219,,AML Panel,F3,https://inventory.labarchives.com/inventory/NOVF2H0DFAXP,NOVF2H0DFAXP,,Monoclonal,3GB,No,Primary,Mouse,Human
"CD16,BUV737",BD,564434,2025-12-16,125,µL,Surface,2015-09-30,4125716,,ALKA 1,A5,https://inventory.labarchives.com/inventory/EICSDO4EMYY7,EICSDO4EMYY7,,Monoclonal,3G8,No,Primary,Mouse,Human
"CD16,FITC",BD,561308,2025-12-08,125,µL,Surface,2020-04-30,7165561,,BLUE,C1,https://inventory.labarchives.com/inventory/6L8WBTVRN797,6L8WBTVRN797,,Monoclonal,B73.1,No,Primary,Mouse,Human
"CD16,PE-Cy7",BD,557744,2025-10-28,125,µL,Surface,2019-08-31,7258702,,NEXT POINT,E8,https://inventory.labarchives.com/inventory/1LYSBXRIYQIB,1LYSBXRIYQIB,,Monoclonal,3G8,No,Primary,Mouse,Human
"CD16,PECy7",BD,557744,2025-12-09,125,µL,Surface,2019-08-31,7258702,MISSING!,NYU 1,A9,https://inventory.labarchives.com/inventory/R9DRTJX5E5MN,R9DRTJX5E5MN,,Monoclonal,3G8,No,Primary,Mouse,Human
"CD16,PECy7",BD,557744,2025-12-09,125,µL,Surface,2017-11-30,5357540,,NYU 1,A10,https://inventory.labarchives.com/inventory/PUBV8ZYUDCZR,PUBV8ZYUDCZR,,Monoclonal,3G8,No,Primary,Mouse,Human
"CD16,RB744",BD,570475,2026-03-31,125,µL,,2027-06-30,5253270,,Sony,C9,https://inventory.labarchives.com/inventory/4B10DHZCUT4B,4B10DHZCUT4B,,Monoclonal,3G8,No,Primary,Mouse,Human
"CD16,SB645",eBioscience,64016642,2015-10-25,125,µL,Surface,2028-10-11,2736753,,ALKA 2,C4,https://inventory.labarchives.com/inventory/AFXF2VUAUSNQ,AFXF2VUAUSNQ,,Monoclonal,259D,No,Primary,Mouse,Mouse
"CD161,FITC",BD,556080,2025-12-09,125,µL,Surface,2019-09-30,6091516,,NYU 2,C1,https://inventory.labarchives.com/inventory/F6SZM1BQUIVV,F6SZM1BQUIVV,,Monoclonal,,No,Primary,Mouse,Human
"CD161,PE/eF610",Invitrogen,61-1619-42,2026-03-31,125,µL,,2028-04-01,3000519,,Sony,C2,https://inventory.labarchives.com/inventory/VZGEV47BW0Z8,VZGEV47BW0Z8,,Monoclonal,HP-3G10,No,Primary,,Human
"CD162,BUV805",BD,748329,2025-12-16,125,µL,Surface,2020-11-30,9316027,,UV 2,C4,https://inventory.labarchives.com/inventory/UWEHV4MKNEY2,UWEHV4MKNEY2,,Monoclonal,KPL-1,No,Primary,Mouse,Human
"CD162,BUV805",BD,748329,2025-12-16,125,µL,Surface,2020-11-30,9316024,,UV 2,F4,https://inventory.labarchives.com/inventory/JA1RIGUDSNWH,JA1RIGUDSNWH,,Monoclonal,KPL-1,No,Primary,Mouse,Human
"CD163,AF647",BD,562669,2025-12-08,125,µL,Surface,2021-09-30,7104801,,RED,B1,https://inventory.labarchives.com/inventory/O5P3IOIGTTQE,O5P3IOIGTTQE,,Monoclonal,GHI/61,No,Primary,Mouse,Human
"CD163,AF647",BD,562669,2025-12-08,125,µL,Surface,2021-09-30,7104801,,RED,B2,https://inventory.labarchives.com/inventory/M4QAFS86RVBH,M4QAFS86RVBH,,Monoclonal,GHI/61,No,Primary,Mouse,Human
"CD163,AF647",BD,562669,2025-12-08,166,µL,Surface,2023-08-31,8276870,,RED,H5,https://inventory.labarchives.com/inventory/UYU0L0OR0MHY,UYU0L0OR0MHY,,Monoclonal,GHI/61,No,Primary,Mouse,Human
"CD163,AF647",BD,562669,2025-12-08,167,µL,Surface,2023-08-31,8276870,,RED,H6,https://inventory.labarchives.com/inventory/TSE8QXWYZ1I2,TSE8QXWYZ1I2,,Monoclonal,GHI/61,No,Primary,Mouse,Human
"CD163,AF647",BD,562669,2025-12-08,174,µL,Surface,2023-08-31,8338535,,RED,J1,https://inventory.labarchives.com/inventory/P7F9HOXSSNRF,P7F9HOXSSNRF,,Monoclonal,GHI/61,No,Primary,Mouse,Human
"CD163,AF647",BD,562669,2025-12-08,175,µL,Surface,2023-08-31,8338535,,RED,J2,https://inventory.labarchives.com/inventory/BFN9QTQFEZ2F,BFN9QTQFEZ2F,,Monoclonal,GHI/61,No,Primary,Mouse,Human
"CD163,APC",BD,624346,2025-12-08,125,µL,Surface,2019-02-22,8047824,,RED,B6,https://inventory.labarchives.com/inventory/GXDTOKTDX1M8,GXDTOKTDX1M8,,Monoclonal,GHI/61,No,Primary,Mouse,Human
"CD163,BUV563",BD,741402,2025-12-16,125,µL,Surface,2021-03-28,58212,,NOVARTIS,E8,https://inventory.labarchives.com/inventory/I7AHFV484WCM,I7AHFV484WCM,,Monoclonal,GHI/61,No,Primary,Mouse,Human
"CD166,BUV496",BD,624283,2025-12-16,125,µL,Surface,2019-05-01,8106723,,UV,I5,https://inventory.labarchives.com/inventory/UGU9NIL6F99C,UGU9NIL6F99C,,Monoclonal,3A6,No,Primary,Mouse,Human
"CD172a/b,BV605",BD,743564,2025-12-16,125,µL,Surface,2019-03-31,8089524,,VIOLET,B3,https://inventory.labarchives.com/inventory/EXONBZQEMCG2,EXONBZQEMCG2,,Monoclonal,SE5A5,No,Primary,Mouse,Human
"CD179a,BV421",BD,566583,2025-12-09,125,µL,Surface,2021-11-26,7082538,,Violet 2,B3,https://inventory.labarchives.com/inventory/U05IT6CFO19M,U05IT6CFO19M,,Monoclonal,HSL96,No,Primary,Mouse,Human
"CD179b,PE",BioLegend,349804,2025-12-08,125,µL,Surface,2023-01-30,B236348,,GREEN,E5,https://inventory.labarchives.com/inventory/5RRAH869JMLS,5RRAH869JMLS,,Monoclonal,HSL11,No,Primary,Mouse,Human
"CD179b,PE",BioLegend,349804,2025-12-08,125,µL,Surface,2023-01-30,B236348,,GREEN,F3,https://inventory.labarchives.com/inventory/HKSI52RK578X,HKSI52RK578X,,Monoclonal,HSL11,No,Primary,Mouse,Human
"CD179b,PE",BioLegend,349804,2025-12-08,125,µL,Surface,2023-01-30,B236348,,GREEN,F4,https://inventory.labarchives.com/inventory/7RYSAY65SJSL,7RYSAY65SJSL,,Monoclonal,HSL11,No,Primary,Mouse,Human
"CD179b,PE",BioLegend,349804,2025-12-08,125,µL,Surface,2023-01-30,B236348,,GREEN,H6,https://inventory.labarchives.com/inventory/DK1XJ9O7YPV7,DK1XJ9O7YPV7,,Monoclonal,HSL11,No,Primary,Mouse,Human
"CD18,APC",BD,551060,2025-12-09,125,µL,Surface,2020-01-31,7144939,,PI AB,B3,https://inventory.labarchives.com/inventory/CF6STRIKP29X,CF6STRIKP29X,,Monoclonal,,No,Primary,Mouse,Human
"CD182,BV711",BD,744199,2025-12-16,125,µL,Surface,2019-04-30,8101744,,VIOLET,J3,https://inventory.labarchives.com/inventory/O861Y3XYA7UG,O861Y3XYA7UG,,Monoclonal,6C6,No,Primary,Mouse,Human
"CD183,BUV805",BD,624287,2025-12-16,125,µL,Surface,2019-05-01,8103598,,UV,H6,https://inventory.labarchives.com/inventory/8IU28IHZB9S5,8IU28IHZB9S5,,Monoclonal,1C6/CXCR3,No,Primary,Mouse,Human
"CD183,BV480",BD,746283,2025-12-09,125,µL,Surface,2019-10-31,8296762,,Violet 2,G7,https://inventory.labarchives.com/inventory/ZBF9Z4LKKPRW,ZBF9Z4LKKPRW,,Monoclonal,1C6/CXCR3,No,Primary,Mouse,Human
"CD183,BV650",BioLegend,353730,2025-12-16,125,µL,Surface,2020-01-30,B274326,,NOVARTIS,C2,https://inventory.labarchives.com/inventory/ORB0HSVRU311,ORB0HSVRU311,,Monoclonal,G025H7,No,Primary,Mouse,Human
"CD183,BV650",BD,740603,2025-12-08,125,µL,Surface,2020-06-30,9157880,,VIOLET 3,G4,https://inventory.labarchives.com/inventory/CUUQM3NGFN2X,CUUQM3NGFN2X,,Monoclonal,1C6/CXCR3,No,Primary,Mouse,Human
"CD183,BV650",BD,740603,2025-12-08,125,µL,Surface,2020-06-30,9157882,,VIOLET 3,G5,https://inventory.labarchives.com/inventory/W1PO1X1RKQOP,W1PO1X1RKQOP,,Monoclonal,1C6/CXCR3,No,Primary,Mouse,Human
"CD183,PE-Cy5",BD,551128,2025-12-09,125,µL,Surface,2019-07-31,7040790,,NYU 2,B2,https://inventory.labarchives.com/inventory/IUZN5733Z4FN,IUZN5733Z4FN,,Monoclonal,,No,Primary,Mouse,Human
"CD183,PE-Cy5",BD,551128,2025-12-09,125,µL,Surface,2019-07-31,7040790,,NYU 2,B3,https://inventory.labarchives.com/inventory/9BG6WMRB1TTI,9BG6WMRB1TTI,,Monoclonal,,No,Primary,Mouse,Human
"CD184,BV480",BD,746791,2025-12-16,125,µL,Surface,2019-04-30,8101760,,VIOLET,C6,https://inventory.labarchives.com/inventory/1WQZ23QL4NOO,1WQZ23QL4NOO,,Monoclonal,2B11/CXCR4,No,Primary,Rat,Human
"CD184,BV570",BD,624298,2025-12-09,125,µL,Surface,2019-03-31,8103600,,Violet 2,A3,https://inventory.labarchives.com/inventory/BRE4WE2Z8NTA,BRE4WE2Z8NTA,,Monoclonal,2B11/CXCR4,No,Primary,Rat,Mouse
"CD185,AF647",BD,558113,2025-12-09,125,µL,Surface,2021-04-30,6140802,,NYU 1,B1,https://inventory.labarchives.com/inventory/UZ30M9PO2T97,UZ30M9PO2T97,,Monoclonal,RF8B2,No,Primary,Rat,Human
"CD185,AF647",BD,558113,2025-12-09,125,µL,Surface,2019-11-30,5302868,,NYU 1,B2,https://inventory.labarchives.com/inventory/UWW0DPYTSQM6,UWW0DPYTSQM6,,Monoclonal,RF8B2,No,Primary,Rat,Human
"CD185,BV785",BioLegend,356936,2026-03-31,125,µL,,2027-12-20,B453631,,Sony,A3,https://inventory.labarchives.com/inventory/I9GBIAMLLZO2,I9GBIAMLLZO2,,Monoclonal,J252D4,No,Primary,Mouse,Human
"CD185,PE/Cyanine5",BioLegend,356951,2025-10-28,125,µL,Surface,2027-09-29,B416956,,HORIZON PANEL,A8,https://inventory.labarchives.com/inventory/9AVTVJ1Y6VWE,9AVTVJ1Y6VWE,,Monoclonal,J252D4,No,Primary,Mouse,Human
"CD186,BB515",BD,624279,2025-12-08,125,µL,Surface,2020-03-15,9049853,,BLUE,I6,https://inventory.labarchives.com/inventory/SXHJWV092QR0,SXHJWV092QR0,,Monoclonal,13B1E5,No,Primary,Mouse,Human
"CD19,AF700",BD,557921,2025-12-08,147,µL,Surface,2022-05-31,8053612,,RED,E5,https://inventory.labarchives.com/inventory/NIYA5YT45LHM,NIYA5YT45LHM,,Monoclonal,HIB19,No,Primary,Mouse,Human
"CD19,AF700",BD,557921,2025-12-08,156,µL,Surface,2022-05-31,8053612,,RED,F6,https://inventory.labarchives.com/inventory/Y8UCW4P934UJ,Y8UCW4P934UJ,,Monoclonal,HIB19,No,Primary,Mouse,Human
"CD19,BB660-P2",BD,624295,2025-12-16,125,µL,Surface,2019-09-30,8291934,,NOVARTIS,G3,https://inventory.labarchives.com/inventory/72F2F69IEXZS,72F2F69IEXZS,,Monoclonal,HIB19,No,Primary,Mouse,Human
"CD19,BB660-P2",BD,624295,2025-12-16,125,µL,Surface,2020-06-30,9168865,,NOVARTIS,H3,https://inventory.labarchives.com/inventory/JY1UHJ9D1SOO,JY1UHJ9D1SOO,,Monoclonal,HIB19,No,Primary,Mouse,Human
"CD19,BB660-P2",BD,624295,2025-12-08,125,µL,Surface,2020-06-30,9168865,,BLUE,E2,https://inventory.labarchives.com/inventory/JXFWZTYYCKJA,JXFWZTYYCKJA,,Monoclonal,HIB19,No,Primary,Mouse,Human
"CD19,BB790-P",BD,624296,2025-12-16,125,µL,Surface,2023-01-30,2063868,,DAVE'S ABs,A2,https://inventory.labarchives.com/inventory/GDSKWB48N2B8,GDSKWB48N2B8,,Monoclonal,HIB19,No,Primary,Mouse,Human
"CD19,BB790-P",BD,624296,2025-12-08,125,µL,Surface,2021-09-30,345391,,David Woods' Innate,B1,https://inventory.labarchives.com/inventory/5XDH2RRVUK3M,5XDH2RRVUK3M,,Monoclonal,HIB19,No,Primary,Mouse,Human
"CD19,BUV563",BD,612917,2025-10-28,125,µL,Surface,2027-09-30,3311910,,NEXT POINT,A3,https://inventory.labarchives.com/inventory/6557W995N11K,6557W995N11K,,Monoclonal,CD19,No,Primary,Mouse,Human
"CD19,BUV737",BD,564303,2025-12-16,125,µL,Surface,2022-03-31,8130572,,UV 2,A4,https://inventory.labarchives.com/inventory/YQGBLCPVQM48,YQGBLCPVQM48,,Monoclonal,SJ25C1,No,Primary,Mouse,Human
"CD19,BUV737",BD,564303,2025-12-16,125,µL,Surface,2022-03-31,8130572,,UV 2,E1,https://inventory.labarchives.com/inventory/2YVZ7O4D0D7C,2YVZ7O4D0D7C,,Monoclonal,SJ25C1,No,Primary,Mouse,Human
"CD19,BUV737",BD,612756,2025-12-16,125,µL,Surface,2023-05-31,9136545,,UV 2,F1,https://inventory.labarchives.com/inventory/OGKMVHXDEEOE,OGKMVHXDEEOE,,Monoclonal,SJ25C1,No,Primary,Mouse,Human
"CD19,BUV737",BD,564303,2025-12-16,125,µL,Surface,2020-10-31,7038725,,UV,A4,https://inventory.labarchives.com/inventory/85Z104TRU66I,85Z104TRU66I,,Monoclonal,SJ25C1,No,Primary,Mouse,Human
"CD19,BUV737",BD,564303,2025-12-16,125,µL,Surface,2020-10-31,7268901,,UV,E2,https://inventory.labarchives.com/inventory/5FIISLYTNAF7,5FIISLYTNAF7,,Monoclonal,SJ25C1,No,Primary,Mouse,Human
"CD19,BV605",BD,562654,2025-12-16,125,µL,Surface,2019-06-30,7191597,,VIOLET,H5,https://inventory.labarchives.com/inventory/0P8I1IQ93Z22,0P8I1IQ93Z22,,Monoclonal,SJ25C1,No,Primary,Mouse,Human
"CD19,BV786",BD,740968,2026-01-08,125,µL,Surface,2019-10-31,8296735,,ALZAMEND,A4,https://inventory.labarchives.com/inventory/EQ7T10WQL7XT,EQ7T10WQL7XT,,Monoclonal,HIB19,No,Primary,Mouse,Human
"CD19,BV786",BD,563325,2026-01-08,125,µL,Surface,2024-07-31,3060564,,ALZAMEND,G1,https://inventory.labarchives.com/inventory/K9TWMLJSEJKZ,K9TWMLJSEJKZ,,Monoclonal,SJ25C1,No,Primary,Mouse,Human
"CD19,BV786",BD,563325,2026-01-08,125,µL,Surface,2024-05-31,2353498,,ALZAMEND,G2,https://inventory.labarchives.com/inventory/MDI0TTXLK43L,MDI0TTXLK43L,,Monoclonal,SJ25C1,No,Primary,Mouse,Human
"CD19,BV786",BD,563326,2025-12-16,125,µL,Surface,2019-10-31,7179597,,VIOLET,B1,https://inventory.labarchives.com/inventory/8648UL967286,8648UL967286,,Monoclonal,SJ25C1,No,Primary,Mouse,Human
"CD19,PECy7",BD,560728,2025-12-09,125,µL,Surface,2017-03-31,5100768,,NYU 1,B3,https://inventory.labarchives.com/inventory/YU63E4DFGUOZ,YU63E4DFGUOZ,,Monoclonal,HIB19,No,Primary,Mouse,Human
"CD19,PECy7",BD,560728,2025-12-09,125,µL,Surface,2019-06-30,7215753,,NYU 1,B4,https://inventory.labarchives.com/inventory/E8KLYPY7A3WZ,E8KLYPY7A3WZ,,Monoclonal,HIB19,No,Primary,Mouse,Human
"CD19,SB600",Invitrogen,63-0199-42,2026-03-31,125,µL,,2030-09-10,328118,,Sony,B9,https://inventory.labarchives.com/inventory/6PGHA6YJME8D,6PGHA6YJME8D,,Monoclonal,HIB19,No,Primary,,Human
"CD19,V450",BD,644491,2025-12-08,125,µL,Intracellular,2019-04-30,8088623,,MISC 3,C4,https://inventory.labarchives.com/inventory/KPXEKWYJXCJQ,KPXEKWYJXCJQ,,Monoclonal,SJ25C1,No,Primary,Mouse,Human
"CD192,BV510",BioLegend,357218,2025-12-09,125,µL,Surface,2022-01-30,B237382,,NYU 1,B5,https://inventory.labarchives.com/inventory/I05JE2NULVDP,I05JE2NULVDP,,Monoclonal,K036C2,No,Primary,,Human
"CD193,APC-Cy7",BD,624355,2025-12-08,139,µL,Surface,2019-05-01,8106833,,RED,D6,https://inventory.labarchives.com/inventory/DU82TS59RR1K,DU82TS59RR1K,,Monoclonal,500000000,No,Primary,Mouse,Human
"CD193,PE594",BioLegend,310727,2025-11-04,125,µL,Surface,2026-11-04,B344656,,KINETIC RIVER,A5,https://inventory.labarchives.com/inventory/PDF1HSRX0K29,PDF1HSRX0K29,,Monoclonal,5E8,No,Primary,Mouse,Human
"CD194,PE",Invitrogen,12-1949-42,2025-12-08,125,µL,Surface,2020-06-30,4346573,,GREEN,B6,https://inventory.labarchives.com/inventory/UV9BJJHKQPXN,UV9BJJHKQPXN,,Monoclonal,D8SEE,No,Primary,Mouse,Human
"CD194,PE",Invitrogen,12-1949-42,2025-12-08,125,µL,Surface,2021-10-18,2038920,,GREEN,H4,https://inventory.labarchives.com/inventory/DGHQ45R0CB93,DGHQ45R0CB93,,Monoclonal,D8SEE,No,Primary,Mouse,Human
"CD194,PE-Cy7",BD,561034,2025-12-08,125,µL,Surface,2019-07-31,7243728,,GREEN,C2,https://inventory.labarchives.com/inventory/1FAZPO6206LM,1FAZPO6206LM,,Monoclonal,1G1,No,Primary,Mouse,Human
"CD194,PECy7",BD,557864,2025-12-09,125,µL,Surface,2019-03-31,7143527,,NYU 1,B6,https://inventory.labarchives.com/inventory/O2YO55OVHR30,O2YO55OVHR30,,Monoclonal,1G1,No,Primary,Mouse,Human
"CD194,PECy7",BD,557864,2025-12-09,125,µL,Surface,2018-04-30,6132547,,NYU 1,B7,https://inventory.labarchives.com/inventory/FG8HXJA963XI,FG8HXJA963XI,,Monoclonal,1G1,No,Primary,Mouse,Human
"CD195,BUV805",BD,624287,2025-12-16,125,µL,Surface,2020-01-08,8347813,,UV,B1,https://inventory.labarchives.com/inventory/JBQEUNLW5U6C,JBQEUNLW5U6C,,Monoclonal,2D7/CCR5,No,Primary,Mouse,Human
"CD195,BUV805",BD,624287,2025-12-16,125,µL,Surface,2019-08-15,8295654,,UV,D2,https://inventory.labarchives.com/inventory/BSWGIBDYJ8SK,BSWGIBDYJ8SK,,Monoclonal,2D7/CCR5,No,Primary,Mouse,Human
"CD195,BV711",BD,742913,2025-12-16,125,µL,Surface,2019-04-30,8101741,,VIOLET,D4,https://inventory.labarchives.com/inventory/9K63MD4YB5H4,9K63MD4YB5H4,,Monoclonal,3A9,No,Primary,Mouse,Human
"CD195,PE/Cy5",BioLegend,359144,2025-12-16,125,µL,Surface,2025-12-16,B351887,,LASE,C2,https://inventory.labarchives.com/inventory/4Q744TU2P27O,4Q744TU2P27O,,Monoclonal,J418F1,No,Primary,Rat,Human
"CD196,BV650",BD,563922,2025-12-09,125,µL,Surface,2020-01-31,6067912,,NYU 1,C1,https://inventory.labarchives.com/inventory/BCN3PUCM216P,BCN3PUCM216P,,Monoclonal,11A9,No,Primary,Mouse,Human
"CD196,BV650",BD,563922,2025-12-09,125,µL,Surface,2020-01-31,6067912,,NYU 1,C2,https://inventory.labarchives.com/inventory/PILHXACU9HE0,PILHXACU9HE0,,Monoclonal,11A9,No,Primary,Mouse,Human
"CD196,BV650",BD,563922,2025-12-09,125,µL,Surface,2020-01-31,6067912,,NYU 1,C3,https://inventory.labarchives.com/inventory/N26OVY1Y1781,N26OVY1Y1781,,Monoclonal,11A9,No,Primary,Mouse,Human
"CD197,AF700",BD,561143,2025-12-09,125,µL,Surface,2022-02-28,7144974,,NYU 1,C4,https://inventory.labarchives.com/inventory/NRK21FFSOCD4,NRK21FFSOCD4,,Monoclonal,150503,No,Primary,Mouse,Human
"CD197,AF700",BD,561143,2025-12-09,125,µL,Surface,2022-02-28,7144974,,NYU 1,C5,https://inventory.labarchives.com/inventory/Q7PHOFQGY9TD,Q7PHOFQGY9TD,,Monoclonal,150503,No,Primary,Mouse,Human
"CD197,BB515",BD,565869,2025-12-08,138,µL,Surface,2019-09-30,8128823,,MISC 5,F2,https://inventory.labarchives.com/inventory/1NNPBWY3U592,1NNPBWY3U592,,Monoclonal,3D12,No,Primary,Mouse,Human
"CD197,BB630-P",BD,624294,2025-12-08,125,µL,Surface,2019-03-31,8106818,,BLUE,E4,https://inventory.labarchives.com/inventory/YXCU3UBO36AC,YXCU3UBO36AC,,Monoclonal,3D12,No,Primary,Mouse,Human
"CD197,BUV395",BD,740267,2025-12-16,125,µL,Surface,2020-06-30,9157852,,UV 2,E6,https://inventory.labarchives.com/inventory/UYD7Q2NSX1XN,UYD7Q2NSX1XN,,Monoclonal,3D12,No,Primary,Mouse,Human
"CD197,BUV395",BD,749655,2025-12-16,125,µL,Surface,2021-01-31,29335,,UV,B2,https://inventory.labarchives.com/inventory/CRZCYBGY68FJ,CRZCYBGY68FJ,,Monoclonal,2-L1-A,No,Primary,Mouse,Human
"CD197,BUV395",BD,749655,2025-12-16,125,µL,Surface,2021-01-31,29334,,UV,B3,https://inventory.labarchives.com/inventory/YHQVIRHM2HK8,YHQVIRHM2HK8,,Monoclonal,2-L1-A,No,Primary,Mouse,Human
"CD197,BUV395",BD,740267,2025-12-16,125,µL,Surface,2020-06-30,9157856,,ALKA 1,A1,https://inventory.labarchives.com/inventory/NVXY1NBIS69R,NVXY1NBIS69R,,Monoclonal,3D12,No,Primary,Rat,Human
"CD197,BUV395",BD,624282,2025-12-16,125,µL,Surface,2020-03-15,9050682,,NOVARTIS,A7,https://inventory.labarchives.com/inventory/9PQW97OYUZT2,9PQW97OYUZT2,,Monoclonal,2-L1-A,No,Primary,Mouse,Human
"CD197,BUV496",BD,741116,2025-10-28,125,µL,Surface,2026-01-31,5015476,,NEXT POINT,B1,https://inventory.labarchives.com/inventory/9VHY3JM3FZ86,9VHY3JM3FZ86,,Monoclonal,3D12,No,Primary,Rat,Human
"CD197,BV421",BD,566744,2025-12-16,125,µL,Surface,2024-11-30,3212672,,ALKA 1,G3,https://inventory.labarchives.com/inventory/MA16DW4LDZ4S,MA16DW4LDZ4S,,Monoclonal,2-L1-A,No,Primary,Mouse,Human
"CD197,BV421",BD,566744,2025-12-16,125,µL,Surface,2024-11-30,3212672,,ALKA 1,I3,https://inventory.labarchives.com/inventory/VUKETF77XJ1I,VUKETF77XJ1I,,Monoclonal,2-L1-A,No,Primary,Mouse,Human
"CD197,BV605",BD,563711,2025-12-09,125,µL,Surface,2020-01-31,8268879,,Violet 2,F4,https://inventory.labarchives.com/inventory/YI61YC1QO181,YI61YC1QO181,,Monoclonal,3D12,No,Primary,Rat,Human
"CD197,BV750",BD,746867,2025-12-16,125,µL,Surface,2020-02-29,9046664,,NOVARTIS,G10,https://inventory.labarchives.com/inventory/1WTN6THICFI7,1WTN6THICFI7,,Monoclonal,3D12,No,Primary,Rat,Human
"CD197,BV750",BD,746867,2025-12-09,125,µL,Surface,2020-02-29,9046665,,Violet 2,G3,https://inventory.labarchives.com/inventory/3GMKDP515WFN,3GMKDP515WFN,,Monoclonal,3D12,No,Primary,Rat,Human
"CD197,BV750",BD,624380,2025-12-09,125,µL,Surface,2019-08-31,8291591,,Violet 2,G4,https://inventory.labarchives.com/inventory/L3Q8AG0GG0U9,L3Q8AG0GG0U9,,Monoclonal,3D12,No,Primary,Rat,Human
"CD197,BV785",BioLegend,353230,2025-12-16,125,µL,Surface,2023-01-30,B249691,,LASE,A8,https://inventory.labarchives.com/inventory/5RREEQT92VJD,5RREEQT92VJD,,Monoclonal,G043H7,No,Primary,Mouse,Human
"CD197,BV786",BD,563710,2025-12-16,125,µL,Surface,2020-12-31,9210649,,NOVARTIS,E5,https://inventory.labarchives.com/inventory/47RY3EIN82FI,47RY3EIN82FI,,Monoclonal,3D12,No,Primary,Rat,Human
"CD197,BV786",BD,563710,2025-12-08,125,µL,Surface,2020-12-31,9210649,,VIOLET 3,J1,https://inventory.labarchives.com/inventory/ADUFDTERQ9BL,ADUFDTERQ9BL,,Monoclonal,3D12,No,Primary,Mouse,Human
"CD197,BV786",BD,563710,2025-12-08,125,µL,Surface,2020-12-31,9210649,,VIOLET 3,J2,https://inventory.labarchives.com/inventory/JUHIHSEBBWNZ,JUHIHSEBBWNZ,,Monoclonal,3D12,No,Primary,Mouse,Human
"CD197,BV786",BD,563710,2025-12-08,125,µL,Surface,2020-12-31,9210649,,VIOLET 3,J3,https://inventory.labarchives.com/inventory/PTH0YPMS0NU9,PTH0YPMS0NU9,,Monoclonal,3D12,No,Primary,Mouse,Human
"CD197,BV786",BD,563710,2025-12-08,125,µL,Surface,2020-12-31,9210649,,VIOLET 3,J4,https://inventory.labarchives.com/inventory/XQ1LJS9IFHS2,XQ1LJS9IFHS2,,Monoclonal,3D12,No,Primary,Mouse,Human
"CD197,BV786",BD,566758,2025-12-08,125,µL,Surface,2021-08-31,9049514,,VIOLET 3,J5,https://inventory.labarchives.com/inventory/SGYRZMKVR8EL,SGYRZMKVR8EL,,Monoclonal,2-L1-A,No,Primary,Mouse,Human
"CD197,BV786",BD,563710,2021-09-30,125,µL,Surface,2021-09-30,212767,,MISC 4,A2,https://inventory.labarchives.com/inventory/39IM4KSSJ9X2,39IM4KSSJ9X2,,Monoclonal,3D12,No,Primary,Mouse,Human
"CD197,BV786",BD,563710,2021-09-30,125,µL,Surface,2021-09-30,212767,,MISC 4,A3,https://inventory.labarchives.com/inventory/A4KTOXTENQ0I,A4KTOXTENQ0I,,Monoclonal,3D12,No,Primary,Mouse,Human
"CD197,BV786",BD,563710,2021-09-30,125,µL,Surface,2021-09-30,212767,,MISC 4,A4,https://inventory.labarchives.com/inventory/HUIC01KOY9L4,HUIC01KOY9L4,,Monoclonal,3D12,No,Primary,Mouse,Human
"CD197,BV786",BD,563710,2021-09-30,125,µL,Surface,2021-09-30,212767,,MISC 4,A5,https://inventory.labarchives.com/inventory/B9UCEHAI8OGY,B9UCEHAI8OGY,,Monoclonal,3D12,No,Primary,Mouse,Human
"CD197,BV786",BD,563710,2021-09-30,125,µL,Surface,2021-09-30,212767,,MISC 4,A6,https://inventory.labarchives.com/inventory/G45A05XSLCJP,G45A05XSLCJP,,Monoclonal,3D12,No,Primary,Mouse,Human
"CD197,BV786",BD,563710,2021-09-30,125,µL,Surface,2021-09-30,212767,,MISC 4,A7,https://inventory.labarchives.com/inventory/B9RAKRPIH94G,B9RAKRPIH94G,,Monoclonal,3D12,No,Primary,Mouse,Human
"CD197,BV786",BD,563710,2021-09-30,125,µL,Surface,2021-09-30,212767,,MISC 4,A8,https://inventory.labarchives.com/inventory/KJL0FTSER09T,KJL0FTSER09T,,Monoclonal,3D12,No,Primary,Mouse,Human
"CD197,BV786",BD,563710,2021-09-30,125,µL,Surface,2021-09-30,212767,,MISC 4,A9,https://inventory.labarchives.com/inventory/TRCH8PM9X1CL,TRCH8PM9X1CL,,Monoclonal,3D12,No,Primary,Mouse,Human
"CD197,BV786",BD,563710,2021-09-30,125,µL,Surface,2021-09-30,212767,,MISC 4,A10,https://inventory.labarchives.com/inventory/JJTZCZP9PM5Z,JJTZCZP9PM5Z,,Monoclonal,3D12,No,Primary,Mouse,Human
"CD197,BV786",BD,563710,2021-09-30,125,µL,Surface,2021-09-30,212767,,MISC 4,B1,https://inventory.labarchives.com/inventory/3W383CBAGUG6,3W383CBAGUG6,,Monoclonal,3D12,No,Primary,Mouse,Human
"CD197,BV786",BD,563710,2021-09-30,125,µL,Surface,2021-09-30,212767,,MISC 4,B2,https://inventory.labarchives.com/inventory/0SZS2AON36FM,0SZS2AON36FM,,Monoclonal,3D12,No,Primary,Mouse,Human
"CD197,BV786",BD,563710,2025-12-08,137,µL,Surface,2021-09-30,212767,,MISC 5,F1,https://inventory.labarchives.com/inventory/F5A4E152E5ZX,F5A4E152E5ZX,,Monoclonal,3D12,No,Primary,Mouse,Human
"CD197,PE/Cy7",BioLegend,353226,2026-03-31,125,µL,,2029-09-18,B484141,,Sony,B8,https://inventory.labarchives.com/inventory/SG8E6Y3QZSQ8,SG8E6Y3QZSQ8,,Monoclonal,G043H7,No,Primary,Mouse,Human
"CD197,PE/Daz594",BioLegend,353236,2025-12-16,125,µL,Surface,2025-12-16,B348534,,LASE,C1,https://inventory.labarchives.com/inventory/I8FTTOGAD943,I8FTTOGAD943,,Monoclonal,G043H7,No,Primary,Mouse,Human
"CD199,BV786",BD,624439,2025-12-09,125,µL,Surface,2019-05-01,8103603,,Violet 2,A2,https://inventory.labarchives.com/inventory/SPOYGXCKQZSO,SPOYGXCKQZSO,,Monoclonal,112509,No,Primary,Mouse,Human
"CD1c,BUV737",BD,748723,2025-12-16,125,µL,Surface,2020-07-31,9203907,,NOVARTIS,F1,https://inventory.labarchives.com/inventory/O8W93HYP1NTE,O8W93HYP1NTE,,Monoclonal,F10/21A3,No,Primary,Mouse,Human
"CD1c,BV711",BioLegend,331536,2026-03-31,125,µL,,2027-08-02,B471306,,Sony,B7,https://inventory.labarchives.com/inventory/7IG22OQTZFUC,7IG22OQTZFUC,,Monoclonal,L161,No,Primary,Mouse,Human
"CD1c,BV786",BD,742750,2025-12-08,125,µL,Surface,2023-08-31,2224801,,David Woods' Innate,B5,https://inventory.labarchives.com/inventory/RSDO0STQKA3A,RSDO0STQKA3A,,Monoclonal,F10/21A3,No,Primary,Mouse,Human
"CD2,PC,PEF710",Invitrogen,46-0029-42,2025-12-23,125,µL,Surface,2024-06-28,2372241,,AML Panel,C9,https://inventory.labarchives.com/inventory/BBL6PW6CH6TE,BBL6PW6CH6TE,,Monoclonal,RPA-2.10,No,Primary,Mouse,Human
"CD2,PE",BD,561760,2025-12-08,125,µL,Surface,2023-10-31,8029659,,GREEN,D5,https://inventory.labarchives.com/inventory/IUD7QY6BHYSZ,IUD7QY6BHYSZ,,Monoclonal,RPA-2.10,No,Primary,Mouse,Human
"CD2,PErCP-ef710",Invitrogen,46-0029-42,2025-11-11,125,µL,Surface,2026-12-26,2838827,,AML Panel,I6,https://inventory.labarchives.com/inventory/KBC30Z2VKQPF,KBC30Z2VKQPF,,Monoclonal,RPA-2.10,No,Primary,,Human
"CD20,AF700",BD,560631,2025-12-08,134,µL,Surface,2022-02-28,7341696,,RED,D1,https://inventory.labarchives.com/inventory/R14ZLSIDA6C9,R14ZLSIDA6C9,,Monoclonal,2H7,No,Primary,Mouse,Human
"CD20,BV480",BD,566132,2026-03-31,125,µL,,2027-07-31,6047093,,Sony,C6,https://inventory.labarchives.com/inventory/PWNL794VVPCP,PWNL794VVPCP,,Monoclonal,2H7,No,Primary,Mouse,Human
"CD20,PE-Cy5",BD,555624,2025-12-09,125,µL,Surface,2019-11-30,7051698,,PI AB,C3,https://inventory.labarchives.com/inventory/JL9MWBB8DT2R,JL9MWBB8DT2R,,Monoclonal,,No,Primary,Mouse,Human
"CD20,PE-Cy7",BD,335828,2025-12-09,125,µL,Surface,2016-09-30,5271677,,NYU 2,C2,https://inventory.labarchives.com/inventory/82IC63STIUNG,82IC63STIUNG,,Monoclonal,,No,Primary,,
"CD20,PE-Cy7",BD,335828,2025-12-09,125,µL,Surface,2016-09-30,5271677,,NYU 2,C3,https://inventory.labarchives.com/inventory/030Z740QB06G,030Z740QB06G,,Monoclonal,,No,Primary,,
"CD200,BV711",BD,743086,2025-12-16,125,µL,Surface,2019-04-30,810742,,VIOLET,A4,https://inventory.labarchives.com/inventory/SJKTPLE1UGVB,SJKTPLE1UGVB,,Monoclonal,MRC OX-104,No,Primary,Mouse,Human
"CD206,BB515",BD,564668,2025-12-16,125,µL,Surface,2021-03-31,8255944,,NOVARTIS,D1,https://inventory.labarchives.com/inventory/DH9YL6CF469X,DH9YL6CF469X,,Monoclonal,19.2,No,Primary,Mouse,Human
"CD206,BB515",BD,564668,2025-12-08,125,µL,Surface,2021-03-31,8128923,,BLUE,F3,https://inventory.labarchives.com/inventory/JEBT3HJUNR4M,JEBT3HJUNR4M,,Monoclonal,19.2,No,Primary,Mouse,Human
"CD206,BB515",BD,564668,2025-12-08,125,µL,Surface,2021-03-31,8128923,,BLUE,F6,https://inventory.labarchives.com/inventory/SHEG1XZMDFPL,SHEG1XZMDFPL,,Monoclonal,19.2,No,Primary,Mouse,Human
"CD206,BB515",BD,564668,2025-12-08,125,µL,Surface,2021-03-31,8128923,,BLUE,I5,https://inventory.labarchives.com/inventory/KJL42CRN5DET,KJL42CRN5DET,,Monoclonal,19.2,No,Primary,Mouse,Human
"CD21,BUV737",BD,564437,2025-12-16,125,µL,Surface,2021-05-31,8169756,,UV 2,A5,https://inventory.labarchives.com/inventory/LXTB1OM8MC8S,LXTB1OM8MC8S,,Monoclonal,B-ly4,No,Primary,Mouse,Human
"CD21,BUV737",BD,564437,2025-12-16,125,µL,Surface,2021-05-31,8169756,,UV,I6,https://inventory.labarchives.com/inventory/E7X6T81ZRCE4,E7X6T81ZRCE4,,Monoclonal,B-LY4,No,Primary,Mouse,Human
"CD21,BUV737",BD,564437,2025-12-16,125,µL,Surface,2021-05-31,8169756,,UV,J3,https://inventory.labarchives.com/inventory/W4N7RMISIB14,W4N7RMISIB14,,Monoclonal,B-LY4,No,Primary,Mouse,Human
"CD21,BUV737",BD,564437,2025-12-16,125,µL,Surface,2021-05-31,8169756,,UV,J4,https://inventory.labarchives.com/inventory/ZHO93QEJLR1R,ZHO93QEJLR1R,,Monoclonal,B-LY4,No,Primary,Mouse,Human
"CD21,BV650",BD,740569,2025-12-16,125,µL,Surface,2019-04-30,8101734,,VIOLET,G1,https://inventory.labarchives.com/inventory/VW0WE2TBVR12,VW0WE2TBVR12,,Monoclonal,B-ly4,No,Primary,Mouse,Human
"CD218a,BV750",BD,624380,2025-12-09,125,µL,Surface,2019-05-01,8106729,,Violet 2,A1,https://inventory.labarchives.com/inventory/NNJW1H04SEL6,NNJW1H04SEL6,,Monoclonal,H44,No,Primary,Mouse,Human
"CD22,BV480",BD,746804,2025-12-16,125,µL,Surface,2019-06-30,8166696,,VIOLET,C5,https://inventory.labarchives.com/inventory/3BQJNMVID1TK,3BQJNMVID1TK,,Monoclonal,HIB22,No,Primary,Mouse,Human
"CD22,BV480",BD,746804,2025-12-08,125,µL,Surface,2019-12-31,8341872,,VIOLET 3,A3,https://inventory.labarchives.com/inventory/JAU8I35L9FVK,JAU8I35L9FVK,,Monoclonal,HIB22,No,Primary,Mouse,Human
"CD22,BV480",BD,746804,2025-12-08,125,µL,Surface,2019-12-31,8341873,,VIOLET 3,A4,https://inventory.labarchives.com/inventory/9BODS93QANRK,9BODS93QANRK,,Monoclonal,HIB22,No,Primary,Mouse,Human
"CD22,BV570",BD,624298,2025-12-16,125,µL,Surface,2019-02-21,8295627,,NOVARTIS,G6,https://inventory.labarchives.com/inventory/7RZF7XNWZK3C,7RZF7XNWZK3C,,Monoclonal,HIB22,No,Primary,Mouse,Human
"CD22,BV570",BD,624298,2025-11-11,125,µL,Surface,2019-02-28,8095738,,Voltage Walk,B5,https://inventory.labarchives.com/inventory/KSVOVXXBDB8L,KSVOVXXBDB8L,,Monoclonal,HIB22,No,Primary,Mouse,Human
"CD22,BV750",BD,624380,2025-12-09,125,µL,Surface,2019-05-01,8103601,,Violet 2,A5,https://inventory.labarchives.com/inventory/QFS70UO0RMF5,QFS70UO0RMF5,,Monoclonal,HIB22,No,Primary,Mouse,Human
"CD223,PCP-eF710",Invitrogen,46-2239-42,2025-12-09,125,µL,Surface,2020-01-31,4321735,,NYU 1,C6,https://inventory.labarchives.com/inventory/WZ0G14ZEO8YQ,WZ0G14ZEO8YQ,,Monoclonal,3DS223H,No,Primary,,Human
"CD223,PCP-eF710",Invitrogen,46-2239-42,2025-12-09,125,µL,Surface,2020-01-31,4321735,,NYU 1,C7,https://inventory.labarchives.com/inventory/NSUZ53FLTZ05,NSUZ53FLTZ05,,Monoclonal,3DS223H,No,Primary,,Human
"CD223,PE-CY",BD,624350,2026-01-15,125,µL,,2019-02-22,8047818,,Unassigned,A2,https://inventory.labarchives.com/inventory/05CO1FS07852,05CO1FS07852,,,T47-530,,,Mouse,Human
"CD223,PE-Cy5",BD,624350,2025-12-16,125,µL,Surface,2019-11-09,8295659,,ALKA 1,C6,https://inventory.labarchives.com/inventory/D7ASEXBCV570,D7ASEXBCV570,,Monoclonal,T47-530,No,Primary,Mouse,Human
"CD223,PE-Cy5",BioLegend,369345,2025-12-16,125,µL,Surface,2025-03-29,B356340,,ALKA 1,J5,https://inventory.labarchives.com/inventory/L8UP69M1ZMW3,L8UP69M1ZMW3,,Monoclonal,11C3C65,No,Primary,Mouse,Human
"CD235a,BV711",BD,740785,2025-12-16,125,µL,Surface,2019-06-30,8166692,,VIOLET,G8,https://inventory.labarchives.com/inventory/S5DAPKH7JW7M,S5DAPKH7JW7M,,Monoclonal,GA-R2,No,Primary,Mouse,Human
"CD235a,PE",BioLegend,349106,2025-12-23,125,µL,,2027-10-13,B432005,,MISC 2,A3,https://inventory.labarchives.com/inventory/WDHMLZABUA5K,WDHMLZABUA5K,,Monoclonal,HI264,No,Primary,Mouse,Human
"CD235a,PE",BioLegend,349105,2027-10-13,125,µL,Surface,2027-10-13,B432004,,MISC 4,E3,https://inventory.labarchives.com/inventory/OQN1695ODNHD,OQN1695ODNHD,,Monoclonal,HI264,No,Primary,Mouse,Human
"CD24,BUV395",BD,563818,2025-12-16,125,µL,Surface,2019-08-31,8109671,,UV,I8,https://inventory.labarchives.com/inventory/JJZV6A4UDOII,JJZV6A4UDOII,,Monoclonal,ML5,No,Primary,Mouse,Human
"CD24,BV750",BD,746890,2026-03-31,125,µL,,2027-03-31,6078442,,Sony,D6,https://inventory.labarchives.com/inventory/26TOOGIN2UKO,26TOOGIN2UKO,,Monoclonal,ML5,No,Primary,Mouse,Human
"CD24,PE-Cy5",BD,624350,2025-12-08,125,µL,Surface,2019-05-01,8103607,,GREEN,E3,https://inventory.labarchives.com/inventory/1FBEDSVYJI22,1FBEDSVYJI22,,Monoclonal,ML5,No,Primary,Mouse,Human
"CD244,PCP/Cy5.5",BioLegend,329516,2025-12-16,125,µL,Surface,2020-01-30,B248014,,NOVARTIS,A4,https://inventory.labarchives.com/inventory/9L4GNAGZPUXU,9L4GNAGZPUXU,,Monoclonal,C1.7,No,Primary,,Human
"CD244,PCP/Cy5.5",BioLegend,329516,2025-12-08,125,µL,Surface,2023-01-30,B248014,,BLUE,H5,https://inventory.labarchives.com/inventory/842XRDRVC7UO,842XRDRVC7UO,,Monoclonal,C1.7,No,Primary,Mouse,Human
"CD244,PE/Cy5.5",Invitrogen,35-5838-42,2026-03-31,125,µL,,2026-09-25,2785941,,Sony,C1,https://inventory.labarchives.com/inventory/UJJ3RKS5D63T,UJJ3RKS5D63T,,Monoclonal,eBIOC1.7,No,Primary,,Human
"CD25,APC",BioLegend,302610,2025-12-16,125,µL,Surface,2027-09-26,B384461,,LASE,A4,https://inventory.labarchives.com/inventory/IURLW2SUQKQQ,IURLW2SUQKQQ,,Monoclonal,BC96,No,Primary,Mouse,Human
"CD25,BB515",BD,565096,2025-12-16,125,µL,Surface,2027-04-30,4198143,,LASE,F1,https://inventory.labarchives.com/inventory/98PYU6EV3P6Z,98PYU6EV3P6Z,,Monoclonal,M-A251,No,Primary,Mouse,Human
"CD25,BB515",BD,564467,2025-12-16,125,µL,Surface,2021-09-30,8283997,,NOVARTIS,G1,https://inventory.labarchives.com/inventory/0FSJB9HTSKVA,0FSJB9HTSKVA,,Monoclonal,2A3,No,Primary,Mouse,Human
"CD25,BB515",BD,564467,2025-12-08,125,µL,Surface,2021-09-30,8283997,,BLUE,H1,https://inventory.labarchives.com/inventory/7Q185EFGHQQ4,7Q185EFGHQQ4,,Monoclonal,2A3,No,Primary,Mouse,Human
"CD25,BB515",BD,564467,2025-12-08,125,µL,Surface,2021-09-30,8283997,,BLUE,H2,https://inventory.labarchives.com/inventory/IP6WSZKY7Y3F,IP6WSZKY7Y3F,,Monoclonal,2A3,No,Primary,Mouse,Human
"CD25,BB515",BD,5564467,2025-12-08,125,µL,Surface,2020-01-31,7230953,,BLUE,D1,https://inventory.labarchives.com/inventory/ZW4997AXO7ME,ZW4997AXO7ME,,Monoclonal,2A3,No,Primary,Mouse,Human
"CD25,BUV563",BD,565699,2025-12-16,125,µL,Surface,2021-06-30,7268873,,UV 2,A2,https://inventory.labarchives.com/inventory/ZK4Y53ZDW0OJ,ZK4Y53ZDW0OJ,,Monoclonal,2A3,No,Primary,Mouse,Human
"CD25,BUV563",BD,612918,2025-12-08,125,µL,Surface,2024-08-31,1028315,,ROSS S,B1,https://inventory.labarchives.com/inventory/J19BWAQDNMLH,J19BWAQDNMLH,,Monoclonal,2A3,No,Primary,Mouse,Human
"CD25,BUV563",BD,612918,2025-12-08,125,µL,Surface,2025-04-30,1141818,,ROSS S,B2,https://inventory.labarchives.com/inventory/2N9O1YI9NPEA,2N9O1YI9NPEA,,Monoclonal,2A3,No,Primary,Mouse,Human
"CD25,BUV563",BD,612918,2025-12-08,125,µL,Surface,2025-04-30,1141818,,ROSS S,B3,https://inventory.labarchives.com/inventory/AYM8ULFPH9DH,AYM8ULFPH9DH,,Monoclonal,2A3,No,Primary,Mouse,Human
"CD25,BUV563",BD,565699,2025-12-08,130,µL,Surface,2023-08-31,8291903,,MISC 5,C2,https://inventory.labarchives.com/inventory/2FFDCMDBPWNB,2FFDCMDBPWNB,,Monoclonal,2A3,No,Primary,Mouse,Human
"CD25,BUV563",BD,565699,2015-10-25,125,µL,Surface,2023-02-28,8103522,,ALKA 2,B2,https://inventory.labarchives.com/inventory/8ZMZSVWMFA6Y,8ZMZSVWMFA6Y,,Monoclonal,2A3,No,Primary,Mouse,Mouse
"CD25,BV421",BD,564033,2025-12-09,125,µL,Surface,2022-03-31,7177749,,Violet 2,C1,https://inventory.labarchives.com/inventory/LOM8PAGLGZYC,LOM8PAGLGZYC,,Monoclonal,2A3,No,Primary,Mouse,Human
"CD25,BV421",BD,564033,2025-12-09,125,µL,Surface,2022-03-31,8107634,,Violet 2,G1,https://inventory.labarchives.com/inventory/A6OZYVG7UUQ8,A6OZYVG7UUQ8,,Monoclonal,2A3,No,Primary,Mouse,Human
"CD25,BV480",BD,746644,2025-12-16,125,µL,Surface,2021-12-31,339052,,DAVE'S ABs,F2,https://inventory.labarchives.com/inventory/X0NDWCD2I74Q,X0NDWCD2I74Q,,Monoclonal,2A3,No,Primary,Mouse,Human
"CD25,FITC",BioLegend,356106,2025-12-08,125,µL,Surface,2023-01-30,B263722,,BLUE,I1,https://inventory.labarchives.com/inventory/30N7YS8FKFB2,30N7YS8FKFB2,,Monoclonal,M-A251,No,Primary,Mouse,Human
"CD25,PE",BD,555432,2025-12-08,125,µL,Surface,2023-12-31,8086986,,YELLOW PI,B1,https://inventory.labarchives.com/inventory/DZXZ5HMJVBGW,DZXZ5HMJVBGW,,Monoclonal,,No,Primary,Mouse,Human
"CD25,PECy7",BD,557741,2025-12-09,125,µL,Surface,2019-06-30,7216849,,NYU 1,D6,https://inventory.labarchives.com/inventory/952CH8MK5BDP,952CH8MK5BDP,,Monoclonal,M-A251,No,Primary,Mouse,Human
"CD25,PECy7",BD,557741,2025-12-09,125,µL,Surface,2019-06-30,7216849,,NYU 1,D7,https://inventory.labarchives.com/inventory/8SDDTYMD78YS,8SDDTYMD78YS,,Monoclonal,M-A251,No,Primary,Mouse,Human
"CD25,RY586",BD,568157,2025-12-08,125,µL,Surface,2023-01-30,131403,,MISC 2,E5,https://inventory.labarchives.com/inventory/9C5LTKG1O51U,9C5LTKG1O51U,,Monoclonal,2A3,No,Primary,Mouse,Human
"CD25,RY586",BD,568157,2025-10-28,125,µL,Surface,2026-10-28,131403,,NEXT POINT,E5,https://inventory.labarchives.com/inventory/6I1CZH97N2M2,6I1CZH97N2M2,,Monoclonal,2A3,No,Primary,,Human
"CD25,SB436",Invitrogen,62-0259-42,2025-10-28,125,µL,Surface,2028-05-09,2796449,,NEXT POINT,A4,https://inventory.labarchives.com/inventory/YENOWO8554A9,YENOWO8554A9,,Monoclonal,BC96,No,Primary,,Human
"CD252,BV421",BD,563766,2025-12-09,125,µL,Surface,2022-04-30,8157855,,Violet 2,F3,https://inventory.labarchives.com/inventory/T9IQ4TOBZKVI,T9IQ4TOBZKVI,,Monoclonal,ik-1,No,Primary,Mouse,Human
"CD252,BV421",BD,563766,2025-12-09,125,µL,Surface,2022-04-30,7167894,,Violet 2,H2,https://inventory.labarchives.com/inventory/98A0JRBNKV67,98A0JRBNKV67,,Monoclonal,ik-1,No,Primary,Mouse,Human
"CD26,BV650",BD,745394,2026-03-31,125,µL,,2027-03-31,6078441,,Sony,D5,https://inventory.labarchives.com/inventory/MPES42YUR579,MPES42YUR579,,Monoclonal,L272,No,Primary,Mouse,Human
"CD26,PE-Cy7",BD,624351,2025-12-08,125,µL,Surface,2019-04-25,8095722,,GREEN,D6,https://inventory.labarchives.com/inventory/VOTTO6E7NZXH,VOTTO6E7NZXH,,Monoclonal,M-A261,No,Primary,Mouse,Human
"CD26L,SBV515",Bio-Rad,MCA1076SBV515,2026-03-31,125,µL,,2027-04-02,100005057,,Sony,E3,https://inventory.labarchives.com/inventory/XJCLFK3K7X0O,XJCLFK3K7X0O,,Monoclonal,,No,Primary,Mouse,Human
"CD27,APC-H7",BD,560222,2025-12-16,125,µL,Surface,2024-07-31,1064088,,LASE,A2,https://inventory.labarchives.com/inventory/RC0OEF14KI58,RC0OEF14KI58,,Monoclonal,M-T271,No,Primary,Mouse,Human
"CD27,APC-H7",BD,560222,2025-12-08,125,µL,Surface,2024-07-31,1064088,,ROSS S,D3,https://inventory.labarchives.com/inventory/SCH6WGH8XFWO,SCH6WGH8XFWO,,Monoclonal,M-T271,No,Primary,Mouse,Human
"CD27,APC-H7",BD,560222,2025-12-08,125,µL,Surface,2026-07-31,1260248,,ROSS S,D4,https://inventory.labarchives.com/inventory/XFSN2PH3MB40,XFSN2PH3MB40,,Monoclonal,M-T271,No,Primary,Mouse,Human
"CD27,BV650",BD,564894,2025-12-09,125,µL,Surface,2019-01-31,5057647,MISSING!,NYU 1,D8,https://inventory.labarchives.com/inventory/M58ZYXVF4VIJ,M58ZYXVF4VIJ,,Monoclonal,M-T271,No,Primary,Mouse,Human
"CD27,BV650",BD,564894,2025-12-09,125,µL,Surface,2020-12-31,7025856,,NYU 1,D9,https://inventory.labarchives.com/inventory/5572U5E3ZBFZ,5572U5E3ZBFZ,,Monoclonal,M-T271,No,Primary,Mouse,Human
"CD27,BV650",BD,564894,2025-10-28,125,µL,Surface,2019-01-31,5057647,,NEXT POINT,I8,https://inventory.labarchives.com/inventory/I59PQPKVM5FL,I59PQPKVM5FL,,Monoclonal,M-T271,No,Primary,Mouse,Human
"CD27,PE",BD,560985,2025-12-08,125,µL,Surface,2024-01-31,8057708,,GREEN,D3,https://inventory.labarchives.com/inventory/MD6VJA15V7Z3,MD6VJA15V7Z3,,Monoclonal,M-T271,No,Primary,Mouse,Human
"CD27,PE810",BioLegend,302860,2026-03-31,125,µL,,2028-07-03,B485908,,Sony,A7,https://inventory.labarchives.com/inventory/CYN8M78QMLCB,CYN8M78QMLCB,,Monoclonal,O323,No,Primary,Mouse,Human
"CD27,SB645",Invitrogen,64-0279-42,2025-10-28,125,µL,Surface,2028-10-09,2775117,,NEXT POINT,A5,https://inventory.labarchives.com/inventory/TVX1C31FUN0W,TVX1C31FUN0W,,Monoclonal,323,No,Primary,,Human
"CD27,SB780",Invitrogen,78-0279-41,2015-10-25,125,µL,Surface,2020-09-30,1955771,,ALKA 2,B4,https://inventory.labarchives.com/inventory/VJOCQ0H30ECN,VJOCQ0H30ECN,,Monoclonal,DX29,No,Primary,Mouse,Mouse
"CD272,PE-CF594",BD,564801,2025-12-08,125,µL,Surface,2020-11-30,9003888,,GREEN,C5,https://inventory.labarchives.com/inventory/8FO5D9SFYC7J,8FO5D9SFYC7J,,Monoclonal,J168-540,No,Primary,Mouse,Human
"CD272,PE-CF594",BD,564801,2025-12-08,125,µL,Surface,2019-12-31,8026685,,GREEN,G1,https://inventory.labarchives.com/inventory/OFLFCFM7CQBG,OFLFCFM7CQBG,,Monoclonal,J168-540,No,Primary,Mouse,Human
"CD272,PE-CF594",BD,564801,2025-12-08,125,µL,Surface,2019-12-31,8026685,,GREEN,H7,https://inventory.labarchives.com/inventory/NDEJH291Y9ZN,NDEJH291Y9ZN,,Monoclonal,J168-540,No,Primary,Mouse,Human
"CD272,PE-CF594",BD,564801,2025-12-08,125,µL,Surface,2019-12-31,8026685,,GREEN,J8,https://inventory.labarchives.com/inventory/IPS9L8NY5JXP,IPS9L8NY5JXP,,Monoclonal,J168-540,No,Primary,Mouse,Human
"CD272,PE/Daz594",BioLegend,344522,2025-12-08,125,µL,Surface,2023-01-30,B236215,,GREEN,C1,https://inventory.labarchives.com/inventory/ZB1J47SS3VC6,ZB1J47SS3VC6,,Monoclonal,MIH26,No,Primary,Mouse,Human
"CD273,BUV395",BD,742719,2025-12-16,125,µL,Surface,2019-12-31,8341854,,UV 2,E3,https://inventory.labarchives.com/inventory/LBL5PBQKZFM8,LBL5PBQKZFM8,,Monoclonal,MIH18,No,Primary,Mouse,Human
"CD273,BUV395",BD,742719,2025-12-16,125,µL,Surface,2019-12-31,8341855,,UV 2,E4,https://inventory.labarchives.com/inventory/WGG2HWNW0N0Z,WGG2HWNW0N0Z,,Monoclonal,MIH18,No,Primary,Mouse,Human
"CD273,BUV395",BD,742719,2025-12-16,125,µL,Surface,2019-12-31,9157858,,UV 2,E5,https://inventory.labarchives.com/inventory/V0KRULVF3FSW,V0KRULVF3FSW,,Monoclonal,MIH18,No,Primary,Mouse,Human
"CD274,BUV563",BD,624284,2025-12-16,125,µL,Surface,2019-11-09,8296592,,UV 2,C1,https://inventory.labarchives.com/inventory/GKC0F1PMGIXD,GKC0F1PMGIXD,,Monoclonal,MIH1,No,Primary,Mouse,Human
"CD274,BUV563",BD,624284,2025-12-16,125,µL,Surface,2019-11-09,8306862,,UV 2,C3,https://inventory.labarchives.com/inventory/J8INSV2MGRUN,J8INSV2MGRUN,,Monoclonal,MIH1,No,Primary,Mouse,Human
"CD274,BV605",BD,740426,2025-12-09,125,µL,Surface,2019-10-31,8296730,,Violet 2,H4,https://inventory.labarchives.com/inventory/RHQLJJUGK4K2,RHQLJJUGK4K2,,Monoclonal,MIH1,No,Primary,Mouse,Human
"CD274,BV785",BioLegend,329736,2025-12-16,125,µL,,2023-01-30,B243326,,VIOLET,F5,https://inventory.labarchives.com/inventory/YLIRONTQ3K31,YLIRONTQ3K31,,Monoclonal,29E2A3,No,Primary,Mouse,Human
"CD274,BV785",BioLegend,329736,2025-12-09,125,µL,Surface,2023-01-30,B243326,,Violet 2,C4,https://inventory.labarchives.com/inventory/ZIPC4CX2HCEZ,ZIPC4CX2HCEZ,,Monoclonal,29E.2A3,No,Primary,,Human
"CD274,BV785",BioLegend,329736,2025-12-09,125,µL,Surface,2023-01-30,B243326,,Violet 2,C5,https://inventory.labarchives.com/inventory/1API4JGHJ5IB,1API4JGHJ5IB,,Monoclonal,29E.2A3,No,Primary,,Human
"CD274,BV785",BioLegend,329736,2025-12-09,125,µL,Surface,2023-01-30,B267083,,Violet 2,I4,https://inventory.labarchives.com/inventory/LNY41O8WYQCL,LNY41O8WYQCL,,Monoclonal,29E.2A3,No,Primary,,Human
"CD274,BV786",BD,563739,2025-12-09,125,µL,Surface,2018-06-30,7047989,,NYU 1,E1,https://inventory.labarchives.com/inventory/J5X8DBDI4QRL,J5X8DBDI4QRL,,Monoclonal,MIH1,No,Primary,Mouse,Human
"CD274,BV786",BD,563739,2025-12-09,125,µL,Surface,2018-06-30,6035768,,NYU 1,E2,https://inventory.labarchives.com/inventory/QQXCDERMNFDW,QQXCDERMNFDW,,Monoclonal,MIH1,No,Primary,Mouse,Human
"CD274,BV786",BD,563739,2025-12-09,125,µL,Surface,2018-06-30,6035768,,NYU 1,E3,https://inventory.labarchives.com/inventory/HQGFUHU25C3L,HQGFUHU25C3L,,Monoclonal,MIH1,No,Primary,Mouse,Human
"CD274,BV786",BD,563739,2025-12-09,125,µL,Surface,2018-06-30,6035768,,NYU 1,E4,https://inventory.labarchives.com/inventory/V7CSQM9PRX4G,V7CSQM9PRX4G,,Monoclonal,MIH1,No,Primary,Mouse,Human
"CD274,BV786",BD,563739,2025-12-09,125,µL,Surface,2019-11-30,7249840,,Violet 2,C2,https://inventory.labarchives.com/inventory/LMV2QXT5MGD1,LMV2QXT5MGD1,,Monoclonal,MIH1,No,Primary,Mouse,Human
"CD274,BV786",BD,563739,2025-12-09,125,µL,Surface,2021-01-31,8262672,,Violet 2,F2,https://inventory.labarchives.com/inventory/R2HJBYMJCPBN,R2HJBYMJCPBN,,Monoclonal,MIH1,No,Primary,Mouse,Human
"CD274,BV786",BD,563739,2025-12-08,125,µL,Surface,2020-01-31,8262672,,VIOLET 3,C3,https://inventory.labarchives.com/inventory/JJGDYBZCKHEA,JJGDYBZCKHEA,,Monoclonal,MIH1,No,Primary,Mouse,Human
"CD274,RB545",BD,756359,2025-10-28,125,µL,Surface,2026-01-31,5015477,,NEXT POINT,B2,https://inventory.labarchives.com/inventory/NZ3DAIC3QP50,NZ3DAIC3QP50,,Monoclonal,MIH1,No,Primary,Mouse,Human
"CD275,BV711",BD,743009,2025-12-08,125,µL,Surface,2019-12-31,8341857,,VIOLET 3,B4,https://inventory.labarchives.com/inventory/AOMBFOPUZ9CU,AOMBFOPUZ9CU,,Monoclonal,2D3/B7-H2,No,Primary,Mouse,Human
"CD275,BV711",BD,743009,2025-12-08,125,µL,Surface,2019-12-31,8341856,,VIOLET 3,B5,https://inventory.labarchives.com/inventory/S2L19V9Q1OSK,S2L19V9Q1OSK,,Monoclonal,2D3/B7-H2,No,Primary,Mouse,Human
"CD275,BV711",BD,743009,2025-12-08,125,µL,Surface,2020-01-31,9008944,,VIOLET 3,H1,https://inventory.labarchives.com/inventory/5716E98BDH8R,5716E98BDH8R,,Monoclonal,2D3/B7-H2,No,Primary,Mouse,Human
"CD275,BV711",BD,743009,2025-12-08,125,µL,Surface,2019-10-31,8296750,,VIOLET 3,H2,https://inventory.labarchives.com/inventory/VOKLDP5ZATAF,VOKLDP5ZATAF,,Monoclonal,2D3/B7-H2,No,Primary,Mouse,Human
"CD275,BV711",BD,743009,2025-12-08,125,µL,Surface,2020-01-31,9008943,,VIOLET 3,H3,https://inventory.labarchives.com/inventory/2UG30NPZPB7Y,2UG30NPZPB7Y,,Monoclonal,2D3/B7-H2,No,Primary,Mouse,Human
"CD278,BB515",BD,564549,2025-12-08,125,µL,Surface,2019-10-31,8131879,,BLUE,F8,https://inventory.labarchives.com/inventory/9HLB8Y4W1FI9,9HLB8Y4W1FI9,,Monoclonal,DX29,No,Primary,Mouse,Human
"CD278,BB515",BD,564549,2025-12-08,125,µL,Surface,2019-10-31,8131879,,BLUE,G9,https://inventory.labarchives.com/inventory/GMJEGYZQUJ8Y,GMJEGYZQUJ8Y,,Monoclonal,DX29,No,Primary,Mouse,Human
"CD278,BB515",BD,564549,2025-12-08,125,µL,Surface,2018-12-31,7212746,,BLUE,B1,https://inventory.labarchives.com/inventory/5YBASRTY99NR,5YBASRTY99NR,,Monoclonal,DX29,No,Primary,Mouse,Human
"CD278,BB515",BD,564549,2025-12-08,125,µL,Surface,2019-10-31,81313879,,BLUE,C2,https://inventory.labarchives.com/inventory/YA8K7R00P5C2,YA8K7R00P5C2,,Monoclonal,DX29,No,Primary,Mouse,Human
"CD278,BB515",BD,564549,2025-12-08,133,µL,Surface,2019-10-31,8131879,,MISC 5,E1,https://inventory.labarchives.com/inventory/C2U9C99XPS45,C2U9C99XPS45,,Monoclonal,DX29,No,Primary,Mouse,Human
"CD278,BB630-P",BD,624294,2015-10-25,125,µL,Surface,2019-05-31,8291522,,ALKA 2,B5,https://inventory.labarchives.com/inventory/VVV7AL362KC1,VVV7AL362KC1,,Monoclonal,HIT2,No,Primary,Mouse,Mouse
"CD278,BUV395",BD,564777,2025-12-09,125,µL,Surface,2018-09-30,6056911,,NYU 1,E5,https://inventory.labarchives.com/inventory/OIX9SXWUDPX1,OIX9SXWUDPX1,,Monoclonal,DX29,No,Primary,Mouse,Human
"CD278,BUV395",BD,564777,2025-12-09,125,µL,Surface,2018-09-30,7075884,,NYU 1,E6,https://inventory.labarchives.com/inventory/TMMBWMINC4P4,TMMBWMINC4P4,,Monoclonal,DX29,No,Primary,Mouse,Human
"CD278,BUV395",BD,564777,2025-12-09,125,µL,Surface,2018-09-30,6056911,,NYU 1,E7,https://inventory.labarchives.com/inventory/EDIQ51QNMF3D,EDIQ51QNMF3D,,Monoclonal,DX29,No,Primary,Mouse,Human
"CD278,BUV395",BD,564777,2025-12-09,125,µL,Surface,2018-09-30,7075884,,NYU 1,E8,https://inventory.labarchives.com/inventory/J6JKTZNI3URQ,J6JKTZNI3URQ,,Monoclonal,DX29,No,Primary,Mouse,Human
"CD278,BUV395",BD,564777,2025-12-09,125,µL,Surface,2018-09-30,7075884,,NYU 1,E9,https://inventory.labarchives.com/inventory/EKUKSODMNZQV,EKUKSODMNZQV,,Monoclonal,DX29,No,Primary,Mouse,Human
"CD278,BV421",BD,562901,2025-12-16,125,µL,Surface,2025-01-31,91416,,ALKA 1,B1,https://inventory.labarchives.com/inventory/8PHJTRSGVDQ5,8PHJTRSGVDQ5,,Monoclonal,DX29,No,Primary,Mouse,Human
"CD278,BV421",BD,562901,2025-12-16,125,µL,Surface,2025-01-31,91416,,ALKA 1,D2,https://inventory.labarchives.com/inventory/20SEPJCRA7FI,20SEPJCRA7FI,,Monoclonal,DX29,No,Primary,Mouse,Human
"CD278,BV421",BD,562901,2025-01-31,125,µL,Surface,2025-01-31,91416,,MISC 4,B8,https://inventory.labarchives.com/inventory/872S8FACC5E3,872S8FACC5E3,,Monoclonal,DX29,No,Primary,Mouse,Human
"CD278,BV421",BD,562901,2025-01-31,125,µL,Surface,2025-01-31,91416,,MISC 4,B9,https://inventory.labarchives.com/inventory/3G9IHSYB4MK1,3G9IHSYB4MK1,,Monoclonal,DX29,No,Primary,Mouse,Human
"CD278,BV421",BD,562901,2025-01-31,125,µL,Surface,2025-01-31,91416,,MISC 4,B10,https://inventory.labarchives.com/inventory/INSPSPMHKI4J,INSPSPMHKI4J,,Monoclonal,DX29,No,Primary,Mouse,Human
"CD278,BV421",BD,562901,2025-01-31,125,µL,Surface,2025-01-31,91416,,MISC 4,C1,https://inventory.labarchives.com/inventory/5JBX9SIXEOL6,5JBX9SIXEOL6,,Monoclonal,DX29,No,Primary,Mouse,Human
"CD278,BV421",BD,562901,2025-01-31,125,µL,Surface,2025-01-31,91416,,MISC 4,C2,https://inventory.labarchives.com/inventory/L47KTJK8BYOK,L47KTJK8BYOK,,Monoclonal,DX29,No,Primary,Mouse,Human
"CD279,APC",Miltenyi,130-119-921,2025-12-16,125,µL,Surface,2025-05-14,1324110432,,LASE,D4,https://inventory.labarchives.com/inventory/M1BA6DD8AOKY,M1BA6DD8AOKY,,Monoclonal,REAL383,No,Primary,,Human
"CD279,APC",BioLegend,329907,2025-12-16,125,µL,Surface,2027-03-04,B362225,,LASE,D7,https://inventory.labarchives.com/inventory/5P588JU06Q1G,5P588JU06Q1G,,Monoclonal,EH12.2H7,No,Primary,Mouse,Human
"CD279,BUV563",BD,624284,2025-12-16,125,µL,Surface,2019-11-09,8295639,MISSING!,UV 2,B9,https://inventory.labarchives.com/inventory/I431M2P0QKVX,I431M2P0QKVX,,Monoclonal,EH12.1,No,Primary,Mouse,Human
"CD279,BUV563",BD,624284,2025-12-16,125,µL,Surface,2021-03-06,38607,,NOVARTIS,B6,https://inventory.labarchives.com/inventory/N5WUI9YJGWW7,N5WUI9YJGWW7,,Monoclonal,MIH4,No,Primary,Mouse,Human
"CD279,BUV563",BD,624284,2025-12-16,125,µL,Surface,2021-03-06,38607,,NOVARTIS,H6,https://inventory.labarchives.com/inventory/K62I0BVYWQ96,K62I0BVYWQ96,,Monoclonal,MIH4,No,Primary,Mouse,Human
"CD279,BUV563",BD,624284,2025-10-28,125,µL,Surface,2021-03-06,38607,,NEXT POINT,I7,https://inventory.labarchives.com/inventory/CD1FX1W8STJF,CD1FX1W8STJF,,Monoclonal,MIH4,No,Primary,Mouse,Human
"CD279,BUV737",BD,624286,2025-12-16,125,µL,Surface,2021-03-06,44678,,NOVARTIS,I3,https://inventory.labarchives.com/inventory/SL25FM4PMZHO,SL25FM4PMZHO,,Monoclonal,MIH4,No,Primary,Mouse,Human
"CD279,BUV737",BD,565299,2025-12-09,125,µL,Surface,2021-03-31,7131640,,NYU 1,F1,https://inventory.labarchives.com/inventory/TOE54R6PYXC1,TOE54R6PYXC1,,Monoclonal,EH12.1,No,Primary,Mouse,Human
"CD279,BUV737",BD,565299,2025-12-09,125,µL,Surface,2021-03-31,7264668,,NYU 1,F2,https://inventory.labarchives.com/inventory/SP3B8UN8UUHT,SP3B8UN8UUHT,,Monoclonal,EH12.1,No,Primary,Mouse,Human
"CD279,BUV737",BD,565299,2025-12-09,125,µL,Surface,2021-03-31,7131640,,NYU 1,F3,https://inventory.labarchives.com/inventory/RZGDC9PBIF03,RZGDC9PBIF03,,Monoclonal,EH12.1,No,Primary,Mouse,Human
"CD279,BUV737",BD,565299,2025-12-09,125,µL,Surface,2021-03-31,7131640,,NYU 1,F4,https://inventory.labarchives.com/inventory/S4LAFQJXR9CY,S4LAFQJXR9CY,,Monoclonal,EH12.1,No,Primary,Mouse,Human
"CD279,BUV737",BD,565299,2025-12-09,125,µL,Surface,2021-03-31,7264668,,NYU 1,F5,https://inventory.labarchives.com/inventory/CZRKKI4NMI23,CZRKKI4NMI23,,Monoclonal,EH12.1,No,Primary,Mouse,Human
"CD279,BUV737",BD,624286,2025-12-08,134,µL,Surface,2021-03-06,44678,,MISC 5,E3,https://inventory.labarchives.com/inventory/W1Q5Y1J137O8,W1Q5Y1J137O8,,Monoclonal,MIH4,No,Primary,Mouse,Human
"CD279,BV421",BioLegend,367421,2025-12-16,125,µL,Surface,2026-10-12,B412762,,LASE,D2,https://inventory.labarchives.com/inventory/7XDJPJ3EOE12,7XDJPJ3EOE12,,Monoclonal,NAT105,No,Primary,Mouse,Human
"CD279,PE-CF594",BD,566843,2026-01-15,125,µL,,2023-07-31,1258938,,Unassigned,A6,https://inventory.labarchives.com/inventory/S6XEWKFDC5OK,S6XEWKFDC5OK,,Monoclonal,MIH4,,Primary,Mouse,Human
"CD279,PE-CF594",BD,565024,2025-12-08,125,µL,Surface,2019-05-31,7177782,,GREEN,D2,https://inventory.labarchives.com/inventory/39WJQMPUCHDN,39WJQMPUCHDN,,Monoclonal,EH12.1,No,Primary,Mouse,Human
"CD279,PE-CF594",BD,565024,2015-10-25,125,µL,Surface,2021-07-31,9273084,,ALKA 2,B8,https://inventory.labarchives.com/inventory/CC280DDBBXI4,CC280DDBBXI4,,Monoclonal,UCHT1,No,Primary,Mouse,Mouse
"CD279,PE-V770",Miltenyi,130-121-174,2025-12-16,125,µL,Surface,2025-11-13,1324110434,,LASE,D3,https://inventory.labarchives.com/inventory/EE0ES4ITVR7L,EE0ES4ITVR7L,,Monoclonal,REAL383,No,Primary,,Human
"CD279,PE/Daz594",BioLegend,109116,2026-01-08,125,µL,Surface,2023-01-30,B344159,,ALZAMEND,A6,https://inventory.labarchives.com/inventory/3BTT92MBU6A6,3BTT92MBU6A6,,Monoclonal,RMPI-30,No,Primary,Mouse,Human
"CD279,PE/Dazzle594",BioLegend,329940,2026-04-29,125,µL,Surface,2026-04-29,B367981,,MISC 4,J6,https://inventory.labarchives.com/inventory/Q1IH0YOCRS9C,Q1IH0YOCRS9C,,Monoclonal,EH12.2H7,No,Primary,Mouse,Human
"CD279,PECy7",BioLegend,329917,2025-12-16,125,µL,Surface,2026-03-11,B389961,,LASE,D1,https://inventory.labarchives.com/inventory/XH2EOSTPXWBK,XH2EOSTPXWBK,,Monoclonal,EH12.2H7,No,Primary,Mouse,Human
"CD279,RY703",BD,571440,2025-12-16,125,µL,Surface,2026-04-30,5003823,,LASE,F5,https://inventory.labarchives.com/inventory/WMZC5SX2N3M1,WMZC5SX2N3M1,,Monoclonal,EH12.1,No,Primary,Mouse,Human
"CD28,APC-R700",BD,565181,2025-12-16,125,µL,Surface,2019-12-31,8215837,,NOVARTIS,F8,https://inventory.labarchives.com/inventory/0TTL0GOVXCCI,0TTL0GOVXCCI,,Monoclonal,CD28.2,No,Primary,Mouse,Human
"CD28,APC-R700",BD,565181,2025-12-08,129,µL,Surface,2019-05-31,7338619,,RED,C2,https://inventory.labarchives.com/inventory/3WVA3U5D0O31,3WVA3U5D0O31,,Monoclonal,CD28.2,No,Primary,Mouse,Human
"CD28,APC-R700",BD,565181,2025-12-08,130,µL,Surface,2019-05-31,7338619,,RED,C3,https://inventory.labarchives.com/inventory/0VKDQ2ECZU25,0VKDQ2ECZU25,,Monoclonal,CD28.2,No,Primary,Mouse,Human
"CD28,APC-R700",BD,565181,2025-12-08,133,µL,Surface,2019-10-08,8129803,,RED,C6,https://inventory.labarchives.com/inventory/MA3E4AZU0TOL,MA3E4AZU0TOL,,Monoclonal,CD28.2,No,Primary,Mouse,Human
"CD28,APC-R700",BD,565181,2025-12-08,135,µL,Surface,2019-12-31,8215837,,RED,D2,https://inventory.labarchives.com/inventory/4IN3QXWLITS4,4IN3QXWLITS4,,Monoclonal,CD28.2,No,Primary,Mouse,Human
"CD28,APC-R700",BD,565181,2025-12-08,170,µL,Surface,2019-12-31,8215837,,RED,I1,https://inventory.labarchives.com/inventory/UWX8CTF0U0YA,UWX8CTF0U0YA,,Monoclonal,CD28.2,No,Primary,Mouse,Human
"CD28,APCR700",BD,565181,2025-12-08,125,µL,Surface,2019-12-31,8215837,,RED,A1,https://inventory.labarchives.com/inventory/31VNNI6YKRPC,31VNNI6YKRPC,,Monoclonal,CD28.2,No,Primary,Mouse,Human
"CD28,BB700",BD,745905,2025-12-08,125,µL,Surface,2019-02-28,8045843,,BLUE,B2,https://inventory.labarchives.com/inventory/4Y19JALTR855,4Y19JALTR855,,Monoclonal,L293,No,Primary,Mouse,Human
"CD28,BB700",BD,745905,2025-12-08,125,µL,Surface,2019-02-28,8045843,,BLUE,C3,https://inventory.labarchives.com/inventory/RR5WTLYT7D44,RR5WTLYT7D44,,Monoclonal,L293,No,Primary,Mouse,Human
"CD28,BUV496",BD,741168,2026-03-31,125,µL,,2027-03-31,6078438,,Sony,D7,https://inventory.labarchives.com/inventory/EP7G1RG9T0DO,EP7G1RG9T0DO,,Monoclonal,CD28.2,No,Primary,Mouse,Human
"CD28,PE",BD,555729,2025-12-09,125,µL,Surface,2023-07-31,7297748,,PI AB,A1,https://inventory.labarchives.com/inventory/NG5XLJ1KFIOA,NG5XLJ1KFIOA,,Monoclonal,,No,Primary,Mouse,Human
"CD294,AF647",BD,558042,2025-12-08,157,µL,Surface,2020-07-31,8179962,,RED,G1,https://inventory.labarchives.com/inventory/BINMUIXPQE3L,BINMUIXPQE3L,,Monoclonal,BM16,No,Primary,Mouse,Human
"CD294,BV650",BD,740616,2025-12-16,125,µL,Surface,2019-04-30,8101736,,VIOLET,J1,https://inventory.labarchives.com/inventory/I52P4AG5RDJF,I52P4AG5RDJF,,Monoclonal,BM16,No,Primary,Rat,Human
"CD3,AmCy",BD,339186,2025-12-08,125,µL,Intracellular,2019-02-28,8061503,,MISC 3,C3,https://inventory.labarchives.com/inventory/TOOBQPY4HR3I,TOOBQPY4HR3I,,Monoclonal,SL7,No,Primary,Mouse,Human
"CD3,APC",BD,561810,2025-12-16,125,µL,Surface,2020-10-21,8086791,,NOVARTIS,F7,https://inventory.labarchives.com/inventory/ULWUJK43RKB3,ULWUJK43RKB3,,Monoclonal,UCHT1,No,Primary,Mouse,Human
"CD3,APC",BD,555335,2025-12-09,125,µL,Surface,2020-05-31,7200698,,PI AB,D1,https://inventory.labarchives.com/inventory/ZET0KBI8VZ1A,ZET0KBI8VZ1A,,Monoclonal,,No,Primary,Mouse,Human
"CD3,APC",BD,555335,2025-12-09,125,µL,Surface,2021-09-30,8316946,,PI AB,D4,https://inventory.labarchives.com/inventory/DVN6GT3HJCJO,DVN6GT3HJCJO,,Monoclonal,,No,Primary,Mouse,Human
"CD3,APC-Cy7",BD,557832,2025-12-09,125,µL,Surface,2018-05-31,6055919,,NYU 1,G1,https://inventory.labarchives.com/inventory/AX350Z8GXJR7,AX350Z8GXJR7,,Monoclonal,SK7,No,Primary,Mouse,Human
"CD3,APC-Cy7",BD,557832,2025-12-09,125,µL,Surface,2020-06-30,7248507,,NYU 1,G2,https://inventory.labarchives.com/inventory/G0ZJW0DWV7YQ,G0ZJW0DWV7YQ,,Monoclonal,SK7,No,Primary,Mouse,Human
"CD3,APC-Cy7",BD,557832,2025-12-09,125,µL,Surface,2018-05-31,6055919,,NYU 1,G3,https://inventory.labarchives.com/inventory/OQIPSMNBYRI0,OQIPSMNBYRI0,,Monoclonal,SK7,No,Primary,Mouse,Human
"CD3,APC-Cy7",BD,557832,2025-12-09,125,µL,Surface,2018-05-31,6055919,,NYU 1,G4,https://inventory.labarchives.com/inventory/1FAKTUVKW7HY,1FAKTUVKW7HY,,Monoclonal,SK7,No,Primary,Mouse,Human
"CD3,APC-Cy7",BD,557832,2025-12-09,125,µL,Surface,2018-05-31,6055919,,NYU 1,G5,https://inventory.labarchives.com/inventory/SEMG6ORVBU9H,SEMG6ORVBU9H,,Monoclonal,SK7,No,Primary,Mouse,Human
"CD3,APC-Cy7",BD,557832,2025-12-08,138,µL,Surface,2020-03-31,8297687,,RED,D5,https://inventory.labarchives.com/inventory/G3RFZ9YJ8LIR,G3RFZ9YJ8LIR,,Monoclonal,SK7,No,Primary,Mouse,Human
"CD3,BB660-P2",BD,624295,2015-10-25,125,µL,Surface,2019-02-28,8095717,,ALKA 2,B9,https://inventory.labarchives.com/inventory/ZRH9Z18AFEL8,ZRH9Z18AFEL8,,Monoclonal,14D3,No,Primary,Mouse,Mouse
"CD3,BUV496",BD,564809,2025-12-16,125,µL,Surface,2019-09-17,8107587,,LASE,A6,https://inventory.labarchives.com/inventory/YKSGTTNL7UYF,YKSGTTNL7UYF,,Monoclonal,UCHT1,No,Primary,Mouse,Human
"CD3,BUV496",BD,564809,2025-12-16,125,µL,Surface,2019-09-17,8107587,,UV 2,A1,https://inventory.labarchives.com/inventory/7O740ZN1P2FJ,7O740ZN1P2FJ,,Monoclonal,UCHT1,No,Primary,Mouse,Human
"CD3,BUV496",BD,564809,2025-12-16,125,µL,Surface,2020-02-29,8296578,,UV 2,B5,https://inventory.labarchives.com/inventory/OK1VSRILUFE4,OK1VSRILUFE4,,Monoclonal,UCHT1,No,Primary,Mouse,Human
"CD3,BUV496",BD,564809,2025-12-16,125,µL,Surface,2020-02-29,8296578,,UV 2,C5,https://inventory.labarchives.com/inventory/9352M7WJJM1D,9352M7WJJM1D,,Monoclonal,UCHT1,No,Primary,Mouse,Human
"CD3,BUV496",BD,564809,2025-12-16,125,µL,Surface,2019-09-17,8107587,,UV,G1,https://inventory.labarchives.com/inventory/8QIOORDSV9H6,8QIOORDSV9H6,,Monoclonal,UCHT1,No,Primary,Mouse,Human
"CD3,BUV496",BD,612940,2025-12-16,125,µL,Surface,2020-05-02,9084839,,NOVARTIS,D2,https://inventory.labarchives.com/inventory/RRV2SN8AVKOE,RRV2SN8AVKOE,,Monoclonal,UCHT1,No,Primary,Mouse,Human
"CD3,BUV496",BD,612940,2025-12-08,125,µL,Surface,2023-01-30,1125207,,ROSS S,F2,https://inventory.labarchives.com/inventory/KDAL51KL9LT6,KDAL51KL9LT6,,Monoclonal,UCHT1,No,Primary,Mouse,Human
"CD3,BUV496",BD,612940,2025-12-08,125,µL,Surface,2023-01-30,1125207,,ROSS S,F3,https://inventory.labarchives.com/inventory/5SBX2DPURSKA,5SBX2DPURSKA,,Monoclonal,UCHT1,No,Primary,Mouse,Human
"CD3,BUV496",BD,564809,2025-12-08,131,µL,Surface,2020-02-29,8296578,,MISC 5,C3,https://inventory.labarchives.com/inventory/TBN2OS863NW7,TBN2OS863NW7,,Monoclonal,UCHT1,No,Primary,Mouse,Human
"CD3,BUV661",BD,612965,2026-03-31,125,µL,,2026-12-31,5258808,,Sony,C8,https://inventory.labarchives.com/inventory/0GDXU163YUGP,0GDXU163YUGP,,Monoclonal,UCHT1,No,Primary,Mouse,Human
"CD3,BUV661",BD,743444,2025-12-16,125,µL,Surface,2019-03-31,8089522,,ALKA 1,J10,https://inventory.labarchives.com/inventory/GRTELSDH6K7L,GRTELSDH6K7L,,Monoclonal,UCHT1,No,Primary,Mouse,Human
"CD3,BUV737",BD,564307,2025-12-16,125,µL,Surface,2016-05-31,5016521,,UV,B6,https://inventory.labarchives.com/inventory/F7W89UCTFZX6,F7W89UCTFZX6,,Monoclonal,UCHT1,No,Primary,Mouse,Human
"CD3,BUV737",BD,564307,2025-12-16,125,µL,Surface,2015-07-31,4063916,,UV,B7,https://inventory.labarchives.com/inventory/HM44CCOOK0AI,HM44CCOOK0AI,,Monoclonal,UCHT1,No,Primary,Mouse,Human
"CD3,BUV805",BD,612894,2025-12-16,125,µL,Surface,2023-01-31,1284301,,DAVE'S ABs,E2,https://inventory.labarchives.com/inventory/YFZPR7QADYRN,YFZPR7QADYRN,,Monoclonal,SK7,No,Primary,Mouse,Human
"CD3,BUV805",BD,612894,2025-12-08,125,µL,Surface,2021-04-30,9339895,,David Woods' Innate,B4,https://inventory.labarchives.com/inventory/M2JA5GPC3YPK,M2JA5GPC3YPK,,Monoclonal,SK7,No,Primary,Mouse,Human
"CD3,BV510",BD,564713,2025-11-11,125,µL,Surface,2025-10-31,3256155,,AML Panel,F2,https://inventory.labarchives.com/inventory/LI8LHGG492CJ,LI8LHGG492CJ,,Monoclonal,HIT3a,No,Primary,Mouse,Human
"CD3,BV650",BD,564003,2025-12-16,125,µL,Surface,2025-07-31,4214404,,LASE,F4,https://inventory.labarchives.com/inventory/25XH5UZTG3YE,25XH5UZTG3YE,,Monoclonal,SK7,No,Primary,Mouse,Human
"CD3,PE-Cy7",BD,563423,2025-12-09,125,µL,Surface,2018-10-31,7208958,,NYU 1,H1,https://inventory.labarchives.com/inventory/HMU48VPAH79W,HMU48VPAH79W,,Monoclonal,UCHT1,No,Primary,Mouse,Human
"CD3,PE-Cy7",BD,563423,2025-12-09,125,µL,Surface,2018-10-31,7208958,,NYU 1,H2,https://inventory.labarchives.com/inventory/AFZXDTEXVTUW,AFZXDTEXVTUW,,Monoclonal,UCHT1,No,Primary,Mouse,Human
"CD3,RY586",BD,568151,2025-12-08,125,µL,Surface,2023-01-30,131356,,MISC 2,E1,https://inventory.labarchives.com/inventory/J1752AYX70CP,J1752AYX70CP,,Monoclonal,UCHT1,No,Primary,Mouse,Human
"CD303,BV421",BD,566428,2025-10-28,125,µL,Surface,2026-05-31,4009742,,HORIZON PANEL,C5,https://inventory.labarchives.com/inventory/IFKJLNC58F8Q,IFKJLNC58F8Q,,Monoclonal,V24-785,No,Primary,Mouse,Human
"CD304,RB705",BD,757649,2025-12-18,125,µL,,2026-04-30,5112787,,Unassigned,F2,https://inventory.labarchives.com/inventory/RTC778TG8PUP,RTC778TG8PUP,,Monoclonal,U21-1283,No,Primary,Mouse,Human
"CD31,SBY720",Bio-Rad,MCA1738SBY720,2026-03-31,125,µL,,2027-04-01,100007335,,Sony,E2,https://inventory.labarchives.com/inventory/2618EOZ740WQ,2618EOZ740WQ,,Monoclonal,,No,Primary,Mouse,Human
"CD312,APC",BD,624438,2025-12-08,142,µL,Surface,2019-05-01,8106715,,RED,D10,https://inventory.labarchives.com/inventory/9ICA92OAW9SR,9ICA92OAW9SR,,Monoclonal,494025,No,Primary,Mouse,Human
"CD314,RB780",BD,569322,2025-10-28,125,µL,Surface,2025-04-30,3355664,,NEXT POINT,I9,https://inventory.labarchives.com/inventory/H2KS6VGLNVFZ,H2KS6VGLNVFZ,,Monoclonal,1D11,No,Primary,Mouse,Human
"CD32,BV605",BD,744255,2025-12-16,125,µL,Surface,2019-04-30,8101745,,VIOLET,G3,https://inventory.labarchives.com/inventory/QYNLF0U59ARG,QYNLF0U59ARG,,Monoclonal,3D3,No,Primary,Mouse,Human
"CD32,FITC",BD,552883,2025-12-09,125,µL,Surface,2023-11-30,8018628,,PI AB,B1,https://inventory.labarchives.com/inventory/5YIV4ZBO3VI1,5YIV4ZBO3VI1,,Monoclonal,,No,Primary,Mouse,Human
"CD32,PE-Cy5",BD,624350,2025-12-16,125,µL,Surface,2020-07-09,9172998,,NOVARTIS,F4,https://inventory.labarchives.com/inventory/GAJ282S9D887,GAJ282S9D887,,Monoclonal,3D3,No,Primary,Mouse,Human
"CD33,APC/Cy7",BioLegend,366614,2025-12-09,125,µL,Surface,2022-01-30,B210845,,NYU 1,H3,https://inventory.labarchives.com/inventory/BMIYIWHB8ZDW,BMIYIWHB8ZDW,,Monoclonal,P67.6,No,Primary,,Human
"CD33,APC/Cy7",BioLegend,366614,2025-12-09,125,µL,Surface,2022-01-30,B210845,,NYU 1,H4,https://inventory.labarchives.com/inventory/W6H5CZPLFUMK,W6H5CZPLFUMK,,Monoclonal,P67.6,No,Primary,,Human
"CD33,BUV563",BD,741369,2025-12-16,125,µL,Surface,2023-03-31,2074366,,DAVE'S ABs,C3,https://inventory.labarchives.com/inventory/8ZJ9VC4MU9HJ,8ZJ9VC4MU9HJ,,Monoclonal,WM53,No,Primary,Mouse,Human
"CD33,BUV563",BD,741369,2025-12-08,125,µL,Surface,2021-12-31,339045,,David Woods' Innate,A2,https://inventory.labarchives.com/inventory/MZQOUAVS5YDJ,MZQOUAVS5YDJ,,Monoclonal,WM53,No,Primary,Mouse,Human
"CD33,BV570",BD,624298,2025-12-16,125,µL,Surface,2019-02-28,8295624,,NOVARTIS,E1,https://inventory.labarchives.com/inventory/GMKL7XUPAL1X,GMKL7XUPAL1X,,Monoclonal,HIM3-4,No,Primary,Mouse,Human
"CD33,BV570",BD,624298,2025-12-09,125,µL,Surface,2020-05-31,9168873,,Violet 2,D2,https://inventory.labarchives.com/inventory/VX9B8LQLP1IL,VX9B8LQLP1IL,,Monoclonal,P67.6,No,Primary,Mouse,Human
"CD33,BV570",BD,624298,2021-08-31,125,µL,Surface,2021-08-31,275051,,MISC 4,C4,https://inventory.labarchives.com/inventory/H90PRI6Y5XPK,H90PRI6Y5XPK,,Monoclonal,HIM3-4,No,Primary,Mouse,Human
"CD33,BV570",BD,624298,2021-08-31,125,µL,Surface,2021-08-31,275051,,MISC 4,C5,https://inventory.labarchives.com/inventory/O8B23MFGT4KX,O8B23MFGT4KX,,Monoclonal,HIM3-4,No,Primary,Mouse,Human
"CD33,BV570",BD,624298,2021-08-31,125,µL,Surface,2021-08-31,275051,,MISC 4,C6,https://inventory.labarchives.com/inventory/Z2728D6Y3N0G,Z2728D6Y3N0G,,Monoclonal,HIM3-4,No,Primary,Mouse,Human
"CD33,BV570",BD,624298,2021-08-31,125,µL,Surface,2021-08-31,275051,,MISC 4,C7,https://inventory.labarchives.com/inventory/FFY1OLZ1Q0SX,FFY1OLZ1Q0SX,,Monoclonal,HIM3-4,No,Primary,Mouse,Human
"CD33,BV650",BioLegend,303430,2025-12-23,500,µL,SURFACE,2027-11-20,B452058,,AML Panel,E4,https://inventory.labarchives.com/inventory/PHHT5VP5HF1Q,PHHT5VP5HF1Q,,Monoclonal,WM53,No,Primary,Mouse,Human
"CD33,BV650",BD,740573,2025-12-16,125,µL,Surface,2019-12-31,8351796,,VIOLET,B6,https://inventory.labarchives.com/inventory/WA34WQV0K9R0,WA34WQV0K9R0,,Monoclonal,WM53,No,Primary,Mouse,Human
"CD33,BV650",BD,745382,2025-12-16,125,µL,Surface,2019-02-28,8045839,,VIOLET,E1,https://inventory.labarchives.com/inventory/NO6Y3IU3W5JE,NO6Y3IU3W5JE,,Monoclonal,P67.6,No,Primary,Mouse,Human
"CD33,BV650",BD,740573,2025-12-16,125,µL,Surface,2019-12-31,8351795,,VIOLET,H2,https://inventory.labarchives.com/inventory/CQKDD6P2ID6F,CQKDD6P2ID6F,,Monoclonal,WM53,No,Primary,Mouse,Human
"CD33,BV650",BD,745382,2025-12-16,125,µL,Surface,2019-02-28,8045828,MISSING!,VIOLET,I3,https://inventory.labarchives.com/inventory/Q0OLDHFSBK5U,Q0OLDHFSBK5U,,Monoclonal,P67.6,No,Primary,Mouse,Human
"CD33,BV650",BD,740573,2025-12-09,125,µL,Surface,2019-10-31,8296731,,Violet 2,H1,https://inventory.labarchives.com/inventory/MEZD2E1PDZV4,MEZD2E1PDZV4,,Monoclonal,WM53,No,Primary,Mouse,Human
"CD33,BV650",BD,740573,2025-12-08,125,µL,Surface,2020-06-30,9157843,,VIOLET 3,G6,https://inventory.labarchives.com/inventory/MWI3LG88AFUB,MWI3LG88AFUB,,Monoclonal,WM53,No,Primary,Mouse,Human
"CD33,BV650",BD,740573,2025-12-08,125,µL,Surface,2020-06-30,9157846,,VIOLET 3,G7,https://inventory.labarchives.com/inventory/D9X4CS6Z2XEG,D9X4CS6Z2XEG,,Monoclonal,WM53,No,Primary,Mouse,Human
"CD33,BV650",BD,740573,2025-11-11,125,µL,Surface,2019-12-31,8351796,,AML Panel,J10,https://inventory.labarchives.com/inventory/QV7UDUJ31CZ2,QV7UDUJ31CZ2,,Monoclonal,WM53,No,Primary,Mouse,Human
"CD33,SBB580",Bio-Rad,MCA1271SBB580,2026-03-31,125,µL,,2027-04-04,100006949,,Sony,E5,https://inventory.labarchives.com/inventory/NJK26UGIMV7M,NJK26UGIMV7M,,Monoclonal,,No,Primary,Mouse,Human
"CD34,APC",BioLegend,343510,2026-03-31,125,µL,,2030-11-21,B45074,,Sony,A8,https://inventory.labarchives.com/inventory/X6OV3X2WYSJD,X6OV3X2WYSJD,,Monoclonal,581,No,Primary,Mouse,Human
"CD34,APC",BioLegend,343608,2025-12-23,500,µL,SURFACE,2028-01-04,B464805,,AML Panel,G5,https://inventory.labarchives.com/inventory/IS02RO2NY4VB,IS02RO2NY4VB,,Monoclonal,561,No,Primary,Mouse,Human
"CD34,APC",BioLegend,343510,2025-11-11,125,µL,Surface,2027-09-14,B3800812,,AML Panel,C7,https://inventory.labarchives.com/inventory/D667SSAE4X83,D667SSAE4X83,,Monoclonal,581,No,Primary,Mouse,Human
"CD34,APC",BioLegend,343608,2025-11-11,125,µL,Surface,2028-01-04,B417582,,AML Panel,J3,https://inventory.labarchives.com/inventory/RUQ3BWKV6E88,RUQ3BWKV6E88,,Monoclonal,561,No,Primary,Mouse,Human
"CD34,APC",BioLegend,343608,2025-11-11,125,µL,Surface,2026-12-16,B357771,,AML Panel,J9,https://inventory.labarchives.com/inventory/ARTWYA726SLP,ARTWYA726SLP,,Monoclonal,561,No,Primary,Mouse,Human
"CD34,APC-Cy7",BioLegend,343514,2025-12-08,148,µL,Surface,2023-01-30,B248296,,RED,E6,https://inventory.labarchives.com/inventory/MD617YJI8ITO,MD617YJI8ITO,,Monoclonal,581,No,Primary,Mouse,Human
"CD34,PE-Cy7",BD,560710,2025-12-16,125,µL,Surface,2021-08-31,9296570,,NOVARTIS,F5,https://inventory.labarchives.com/inventory/Y83A87AKM89O,Y83A87AKM89O,,Monoclonal,581,No,Primary,Mouse,Human
"CD34,PE-Cy7",BD,560710,2025-12-16,125,µL,Surface,2021-02-21,9105710,,NOVARTIS,H10,https://inventory.labarchives.com/inventory/5W9TB63WYUOI,5W9TB63WYUOI,,Monoclonal,581,No,Primary,Mouse,Human
"CD34,PE-Cy7",BD,560710,2025-12-08,125,µL,Surface,2021-08-31,9296570,,MISC 2,C1,https://inventory.labarchives.com/inventory/XC82HIBDW1J6,XC82HIBDW1J6,,Monoclonal,581,No,Primary,Mouse,Human
"CD34,PE-Cy7",BD,560710,2025-12-08,125,µL,Surface,2021-08-31,9296570,,MISC 2,C2,https://inventory.labarchives.com/inventory/7JP528ER4A5K,7JP528ER4A5K,,Monoclonal,581,No,Primary,Mouse,Human
"CD357,APC/Fire750",BioLegend,371222,2025-12-16,125,µL,Surface,2020-01-30,B260547,,NOVARTIS,A2,https://inventory.labarchives.com/inventory/5ATDL8FDB0F6,5ATDL8FDB0F6,,Monoclonal,108-17,No,Primary,Mouse,Human
"CD357,APC/Fire750",BioLegend,371222,2025-12-08,173,µL,Surface,2023-01-30,B260547,,RED,I5,https://inventory.labarchives.com/inventory/YGZAYMDJA9P0,YGZAYMDJA9P0,,Monoclonal,108-17,No,Primary,Mouse,Human
"CD357,BV650",BD,747663,2025-12-16,125,µL,Surface,2019-02-28,8045837,,VIOLET,D1,https://inventory.labarchives.com/inventory/UDJXTVREPP7V,UDJXTVREPP7V,,Monoclonal,V27-580,No,Primary,Mouse,Human
"CD357,BV650",BD,747663,2025-12-16,125,µL,Surface,2019-02-28,8045848,,VIOLET,E3,https://inventory.labarchives.com/inventory/UNY27G4M7NI4,UNY27G4M7NI4,,Monoclonal,V27-580,No,Primary,Mouse,Human
"CD357,BV650",BD,747663,2025-12-09,125,µL,Surface,2019-10-31,8296764,,Violet 2,H5,https://inventory.labarchives.com/inventory/J921EGIC847G,J921EGIC847G,,Monoclonal,V27-580,No,Primary,Mouse,Human
CD36(Unconjugated),Invitrogen,14-0369-80,2025-12-08,142,µL,Surface,2026-03-31,2162208,,MISC 5,J10,https://inventory.labarchives.com/inventory/CVIVYTNZX5YG,CVIVYTNZX5YG,,Monoclonal,NL07,No,Primary,Mouse,Human
"CD36,APC-R700",BD,624348,2025-12-08,143,µL,Surface,2019-05-01,8102662,,RED,E1,https://inventory.labarchives.com/inventory/E4ZXRHMOE53D,E4ZXRHMOE53D,,Monoclonal,CB38,No,Primary,Mouse,Human
"CD36,PE",BioLegend,336205,2025-11-11,125,µL,Surface,2026-11-11,B286437,,AML Panel,C10,https://inventory.labarchives.com/inventory/MC34EW9L9NYY,MC34EW9L9NYY,,Monoclonal,5-271,No,Primary,Mouse,Human
"CD36,PErCP/Cy5.5",BioLegend,336223,2025-11-11,125,µL,Surface,2026-01-31,B391919,,AML Panel,D2,https://inventory.labarchives.com/inventory/HH2HGN1K5LMR,HH2HGN1K5LMR,,Monoclonal,5-27,No,Primary,Mouse,Human
"CD36,RB780",BD,755782,2025-11-11,125,µL,Surface,2025-02-28,4040350,,AML Panel,F9,https://inventory.labarchives.com/inventory/TP3ZUZB1OQRZ,TP3ZUZB1OQRZ,,Monoclonal,CLB-IVC7,No,Primary,Mouse,Human
"CD366,BUV661",BD,624285,2025-12-16,125,µL,Surface,2020-07-09,9165690,,ALKA 1,A4,https://inventory.labarchives.com/inventory/47YAH4PYJ7F2,47YAH4PYJ7F2,,Monoclonal,7D3,No,Primary,Mouse,Human
"CD366,BUV661",BD,624285,2025-12-08,127,µL,Surface,2020-07-09,9165960,,MISC 5,A4,https://inventory.labarchives.com/inventory/VQPZ4Z1QEHYY,VQPZ4Z1QEHYY,,Monoclonal,7D3,No,Primary,Mouse,Human
"CD366,BV605",BioLegend,345018,2025-05-17,125,µL,Surface,2025-05-17,B373464,Moved from unassigned,MISC 4,J7,https://inventory.labarchives.com/inventory/Y35ZD1HZXBZU,Y35ZD1HZXBZU,,Monoclonal,F38-2E2,No,Primary,Mouse,Human
"CD366,BV711",BD,565566,2025-12-09,125,µL,Surface,2020-07-31,7166613,,NYU 1,J7,https://inventory.labarchives.com/inventory/I4PC9MMQHRPO,I4PC9MMQHRPO,,Monoclonal,7D3,No,Primary,Mouse,Human
"CD366,BV711",BD,565566,2025-12-09,125,µL,Surface,2019-04-30,5166759,,NYU 1,J8,https://inventory.labarchives.com/inventory/0KX6OBJF28SF,0KX6OBJF28SF,,Monoclonal,7D3,No,Primary,Mouse,Human
"CD366,SB780",Invitrogen,78-3109-41,2025-12-16,125,µL,Surface,2020-09-30,1955722,,ALKA 1,E3,https://inventory.labarchives.com/inventory/K46LZ6J9DKSO,K46LZ6J9DKSO,,Monoclonal,F38-2E2,No,Primary,,Human
"CD37,BUV496",BD,624283,2025-12-16,125,µL,Surface,2019-05-01,8103610,,UV,I2,https://inventory.labarchives.com/inventory/FFX6IGYZHIFT,FFX6IGYZHIFT,,Monoclonal,M-B371,No,Primary,Mouse,Human
"CD370,APC",BioLegend,353805,2025-10-28,125,µL,Surface,2027-02-23,B386340,,HORIZON PANEL,A6,https://inventory.labarchives.com/inventory/DPWXCFGTBTH7,DPWXCFGTBTH7,,Monoclonal,8F9,No,Primary,Mouse,Human
"CD371,BUV496",BD,624283,2025-12-16,125,µL,Surface,2019-05-01,8102663,,UV,I4,https://inventory.labarchives.com/inventory/E8IPCIH24H49,E8IPCIH24H49,,Monoclonal,50C1,No,Primary,Mouse,Human
"CD38,APC/Cy7",BioLegend,303534,2025-11-11,125,µL,Surface,2026-05-26,B370633,,AML Panel,G6,https://inventory.labarchives.com/inventory/TKZK1REF08LZ,TKZK1REF08LZ,,Monoclonal,HIT2,No,Primary,Mouse,Human
"CD38,APCeF780",Invitrogen,47038942,2025-12-16,125,µL,Surface,2026-06-07,2816314,,ALKA 1,G5,https://inventory.labarchives.com/inventory/105C4FV6ZA62,105C4FV6ZA62,,Monoclonal,HIT2,No,Primary,,Human
"CD38,BB660-P2",BD,624295,2025-12-08,125,µL,Surface,2019-03-31,8103605,,BLUE,F5,https://inventory.labarchives.com/inventory/MD2YPJLD3ZX7,MD2YPJLD3ZX7,,Monoclonal,HIT2,No,Primary,Mouse,Human
"CD38,BB700",BD,566445,2015-10-25,125,µL,Surface,2018-12-31,7228823,,ALKA 2,B6,https://inventory.labarchives.com/inventory/SFUJEHZJSXYJ,SFUJEHZJSXYJ,,Monoclonal,MBSA43,No,Primary,Mouse,Mouse
"CD38,BUV496",BD,564657,2025-12-16,125,µL,Surface,2019-10-31,8138506,,UV,I7,https://inventory.labarchives.com/inventory/GGWODBEV5VIB,GGWODBEV5VIB,,Monoclonal,HIT2,No,Primary,Mouse,Human
"CD38,BUV496",BD,564657,2025-12-16,125,µL,Surface,2020-04-30,8309509,,UV,G6,https://inventory.labarchives.com/inventory/VKWOI39IBDK2,VKWOI39IBDK2,,Monoclonal,HIT2,No,Primary,Mouse,Human
"CD38,BV480",BD,566137,2025-12-16,125,µL,Surface,2019-08-31,8058970,,VIOLET,F6,https://inventory.labarchives.com/inventory/WEONQMCRV83X,WEONQMCRV83X,,Monoclonal,HIT2,No,Primary,Mouse,Human
"CD38,BV480",BD,566137,2025-12-08,125,µL,Surface,2021-01-31,9297315,,VIOLET 3,G1,https://inventory.labarchives.com/inventory/Y4HRN06BD2CH,Y4HRN06BD2CH,,Monoclonal,HIT2,No,Primary,Mouse,Human
"CD38,BV480",BD,566137,2025-10-28,125,µL,Surface,2021-01-31,9297315,,HORIZON PANEL,A3,https://inventory.labarchives.com/inventory/YRH586MB59P0,YRH586MB59P0,,Monoclonal,HIT2,No,Primary,Mouse,Human
"CD38,BV480",BD,566137,2025-10-28,125,µL,Surface,2021-01-31,9297315,,HORIZON PANEL,B3,https://inventory.labarchives.com/inventory/ARRF6P5OQ1GI,ARRF6P5OQ1GI,,Monoclonal,HIT2,No,Primary,Mouse,Human
"CD38,BV510",BD,563251,2025-12-09,125,µL,Surface,2019-11-30,7188729,,NYU 1,H5,https://inventory.labarchives.com/inventory/6JCQMONDPOKR,6JCQMONDPOKR,,Monoclonal,HIT2,No,Primary,Mouse,Human
"CD38,BV510",BD,563251,2025-12-09,125,µL,Surface,2019-11-30,7188729,,NYU 1,H6,https://inventory.labarchives.com/inventory/ZRW1B9B459J6,ZRW1B9B459J6,,Monoclonal,HIT2,No,Primary,Mouse,Human
"CD38,BV510",BD,563251,2025-12-09,125,µL,Surface,2019-11-30,7188729,,NYU 1,H7,https://inventory.labarchives.com/inventory/OI1R753JRTO8,OI1R753JRTO8,,Monoclonal,HIT2,No,Primary,Mouse,Human
"CD38,BV510",BioLegend,303540,2025-12-09,125,µL,Surface,2023-01-30,B246691,,Violet 2,C3,https://inventory.labarchives.com/inventory/07ELQ3QES29S,07ELQ3QES29S,,Monoclonal,HIT2,No,Primary,,Human
"CD38,BV510",BioLegend,303540,2025-12-09,125,µL,Surface,2023-01-30,B246691,,Violet 2,J1,https://inventory.labarchives.com/inventory/X75Q2GYHYIKA,X75Q2GYHYIKA,,Monoclonal,HIT2,No,Primary,,Human
"CD38,BV650",BD,740574,2025-12-16,125,µL,Surface,2023-03-31,2074365,,DAVE'S ABs,D9,https://inventory.labarchives.com/inventory/HG8046GEEDCC,HG8046GEEDCC,,Monoclonal,HIT2,No,Primary,Mouse,Human
"CD38,BV650",BD,740574,2025-12-08,143,µL,Surface,2021-12-31,339042,,David Woods' Abs,D2,https://inventory.labarchives.com/inventory/R1VCZUDF2WKU,R1VCZUDF2WKU,,Monoclonal,HIT2,No,Primary,Mouse,Human
"CD38,RB613",BD,759239,2026-03-31,125,µL,,2027-03-31,6078449,,Sony,D4,https://inventory.labarchives.com/inventory/QF79F1IOQACY,QF79F1IOQACY,,Monoclonal,HB7,No,Primary,Mouse,Human
"CD39,APC-Cy7",BD,624355,2025-12-08,139,µL,Surface,2019-11-09,8291714,,MISC 5,G3,https://inventory.labarchives.com/inventory/AWLHHIO1UWZY,AWLHHIO1UWZY,,Monoclonal,TU66,No,Primary,Mouse,Human
"CD39,BB515",BD,565469,2025-12-08,125,µL,Surface,2023-01-30,1174201,,ROSS S,H3,https://inventory.labarchives.com/inventory/WV1NF2RICZUR,WV1NF2RICZUR,,Monoclonal,TU66,No,Primary,Mouse,Human
"CD39,BB515",BD,565469,2025-12-08,125,µL,Surface,2023-01-30,1174201,,ROSS S,H4,https://inventory.labarchives.com/inventory/PFIDQ30IQWW3,PFIDQ30IQWW3,,Monoclonal,TU66,No,Primary,Mouse,Human
"CD39,BB515",BD,565469,2025-12-08,125,µL,Surface,2023-01-30,1174201,,ROSS S,H5,https://inventory.labarchives.com/inventory/B6CGVFZ7Z5J0,B6CGVFZ7Z5J0,,Monoclonal,TU66,No,Primary,Mouse,Human
"CD39,BB515",BD,565469,2025-10-28,125,µL,Surface,2023-04-30,1174201,,NEXT POINT,G2,https://inventory.labarchives.com/inventory/A1RTOGAPPN5O,A1RTOGAPPN5O,,Monoclonal,TU66,No,Primary,Mouse,Human
"CD39,BUV563",BD,748473,2025-12-16,125,µL,Surface,2023-03-31,2074378,,DAVE'S ABs,D8,https://inventory.labarchives.com/inventory/ROGQHH5WOE85,ROGQHH5WOE85,,Monoclonal,TU66,No,Primary,Mouse,Human
"CD39,BUV563",BD,748473,2025-12-08,145,µL,Surface,2022-01-31,1004081,,David Woods' Abs,D4,https://inventory.labarchives.com/inventory/3QWAHB3ODGA7,3QWAHB3ODGA7,,Monoclonal,TU66,No,Primary,Mouse,Human
"CD39,FITC",BD,561444,2025-12-09,125,µL,Surface,2019-12-31,7033957,,NYU 1,H8,https://inventory.labarchives.com/inventory/LNPF8153P0CF,LNPF8153P0CF,,Monoclonal,TU66,No,Primary,Mouse,Human
"CD39,FITC",BD,561444,2025-12-09,125,µL,Surface,2019-12-31,7033957,,NYU 1,H9,https://inventory.labarchives.com/inventory/S6GKK9FQFNG4,S6GKK9FQFNG4,,Monoclonal,TU66,No,Primary,Mouse,Human
"CD4,AF700",BD,51-9013257,2007-10-25,125,µL,Surface,2018-11-30,,,CD4 Panel,E3,https://inventory.labarchives.com/inventory/FPR0QGPORM2W,FPR0QGPORM2W,,Monoclonal,SK3,No,Primary,Mouse,Mouse
"CD4,APC",BD,340443,2025-12-08,125,µL,Intracellular,2022-02-28,240747,,MISC 3,B2,https://inventory.labarchives.com/inventory/AOWAF51R2MX4,AOWAF51R2MX4,,Monoclonal,SK3,No,Primary,Mouse,Human
"CD4,APC",BD,340443,2025-12-08,125,µL,Intracellular,2022-02-28,240747,,MISC 3,B3,https://inventory.labarchives.com/inventory/WTTI8MND1RD1,WTTI8MND1RD1,,Monoclonal,SK3,No,Primary,Mouse,Human
"CD4,APC",BD,340443,2025-12-08,125,µL,Intracellular,2022-02-28,240747,,MISC 3,B4,https://inventory.labarchives.com/inventory/PRJU2606BJJO,PRJU2606BJJO,,Monoclonal,SK3,No,Primary,Mouse,Human
"CD4,APC",BD,51-9013235,2025-12-08,136,µL,Surface,2020-04-30,7174535,,MISC 5,E5,https://inventory.labarchives.com/inventory/2S976PJ1YD97,2S976PJ1YD97,,Monoclonal,SK3,No,Primary,Mouse,Human
"CD4,APC",Invitrogen,17-0049-41,2007-10-25,125,µL,Surface,2025-03-30,,,CD4 Panel,E1,https://inventory.labarchives.com/inventory/RQAWF6PXVH0H,RQAWF6PXVH0H,,Monoclonal,RPA-T4,No,Primary,Mouse,Mouse
"CD4,APC-,eFluor780",Invitrogen,47-0049-41,2025-12-16,125,µL,Surface,2022-11-23,2472545,,ALKA 1,C4,https://inventory.labarchives.com/inventory/TZATEMLYEEC7,TZATEMLYEEC7,,Monoclonal,RPA-T4,No,Primary,,Human
"CD4,APC-Cy7",BD,51-9013256,2007-10-25,125,µL,Surface,2019-05-31,,,CD4 Panel,E2,https://inventory.labarchives.com/inventory/VTBNDUO5LWAQ,VTBNDUO5LWAQ,,Monoclonal,SK3,No,Primary,Mouse,Mouse
"CD4,APC-R700",BD,51-9013236,2025-12-16,125,µL,Surface,2018-10-31,7136770,,ALKA 1,J2,https://inventory.labarchives.com/inventory/9C903VHSGT4J,9C903VHSGT4J,,Monoclonal,SK3,No,Primary,Mouse,Human
"CD4,APC/Fire810",BioLegend,344662,2007-10-25,125,µL,Surface,2026-04-01,,,CD4 Panel,E4,https://inventory.labarchives.com/inventory/WER1TISWATYR,WER1TISWATYR,,Monoclonal,SK3,No,Primary,Mouse,Mouse
"CD4,BB515",BD,51-9013237,2025-11-11,125,µL,Surface,2020-02-29,7110973,,Voltage Walk,C4,https://inventory.labarchives.com/inventory/R6IG5PB9YNUB,R6IG5PB9YNUB,,Monoclonal,SK3,No,Primary,Mouse,Human
"CD4,BB630",BD,51-9013260,2025-11-11,125,µL,Surface,2018-07-21,7206786,,Voltage Walk,C5,https://inventory.labarchives.com/inventory/MYR4SIAPFW4N,MYR4SIAPFW4N,,Monoclonal,SK3,No,Primary,Mouse,Human
"CD4,BB630-P",BD,624294,2025-12-08,125,µL,Surface,2019-08-31,8291537,,BLUE,J5,https://inventory.labarchives.com/inventory/VORJZZWQSVZ7,VORJZZWQSVZ7,,Monoclonal,SK3,No,Primary,Mouse,Human
"CD4,BB755-P",BD,51-9014289,2025-12-08,125,µL,Surface,2018-05-31,7206784,,BLUE,A4,https://inventory.labarchives.com/inventory/9Z2YQXHQ1C2R,9Z2YQXHQ1C2R,,Monoclonal,SK3,No,Primary,Mouse,Human
"CD4,BB790",BD,624296,2025-11-11,125,µL,Surface,2018-10-24,8095708,,Voltage Walk,D2,https://inventory.labarchives.com/inventory/OS440TPNOE7O,OS440TPNOE7O,,Monoclonal,SK3,No,Primary,Mouse,Human
"CD4,BB790-P",BD,624296,2025-12-16,125,µL,Surface,2020-12-31,9165961,,NOVARTIS,F6,https://inventory.labarchives.com/inventory/8TR72OKFWQ3B,8TR72OKFWQ3B,,Monoclonal,SK3,No,Primary,Mouse,Human
"CD4,BB790-P",BD,624296,2025-12-08,125,µL,Surface,2019-03-31,8291998,,BLUE,G7,https://inventory.labarchives.com/inventory/UVYK0KMEXNLY,UVYK0KMEXNLY,,Monoclonal,SK3,No,Primary,Mouse,Human
"CD4,BB790-P",BD,624296,2025-12-08,125,µL,Surface,2019-03-31,8291998,,BLUE,G8,https://inventory.labarchives.com/inventory/JTIE8JFALREH,JTIE8JFALREH,,Monoclonal,SK3,No,Primary,Mouse,Human
"CD4,BUV395",BD,563550,2025-12-16,125,µL,Surface,2016-11-30,5217864,,UV,C5,https://inventory.labarchives.com/inventory/F8PHPN0MEB30,F8PHPN0MEB30,,Monoclonal,SK3,No,Primary,Mouse,Human
"CD4,BUV395",BD,563550,2025-12-16,125,µL,Surface,2016-06-30,5149616,,UV,C6,https://inventory.labarchives.com/inventory/0BT7SUQ34PLI,0BT7SUQ34PLI,,Monoclonal,SK3,No,Primary,Mouse,Human
"CD4,BUV395",BD,563550,2025-12-16,125,µL,Surface,2016-06-30,5030825,,UV,C7,https://inventory.labarchives.com/inventory/2QH7WV0XI2TM,2QH7WV0XI2TM,,Monoclonal,SK3,No,Primary,Mouse,Human
"CD4,BUV395",BD,563550,2025-12-16,125,µL,Surface,2016-06-30,5149616,,UV,C8,https://inventory.labarchives.com/inventory/9ZYRMAWGY32S,9ZYRMAWGY32S,,Monoclonal,SK3,No,Primary,Mouse,Human
"CD4,BUV395",BD,563550,2025-12-16,125,µL,Surface,2016-06-30,5149616,,UV,C9,https://inventory.labarchives.com/inventory/4BZ7WRH2FYCF,4BZ7WRH2FYCF,,Monoclonal,SK3,No,Primary,Mouse,Human
"CD4,BUV395",BD,563550,2025-12-16,125,µL,Surface,2016-06-30,5149616,,UV,C10,https://inventory.labarchives.com/inventory/8O7TYUP8BYXT,8O7TYUP8BYXT,,Monoclonal,SK3,No,Primary,Mouse,Human
"CD4,BUV395",BD,563550,2025-12-16,125,µL,Surface,2016-06-30,5030825,,UV,D1,https://inventory.labarchives.com/inventory/RQEPHM8EUQL4,RQEPHM8EUQL4,,Monoclonal,SK3,No,Primary,Mouse,Human
"CD4,BUV395",BD,51-9013241,2025-11-11,125,µL,Surface,2020-03-31,7172784,,Voltage Walk,A1,https://inventory.labarchives.com/inventory/JQ4PDQ7MQ0V7,JQ4PDQ7MQ0V7,,Monoclonal,SK3,No,Primary,Mouse,Human
"CD4,BUV395",BD,563552,2007-10-25,125,µL,Surface,2023-05-31,,,CD4 Panel,A1,https://inventory.labarchives.com/inventory/F81RAL919ZF0,F81RAL919ZF0,,Monoclonal,SK3,No,Primary,Mouse,Mouse
"CD4,BUV496",BD,612937,2025-12-16,125,µL,Surface,2022-11-30,1187284,,DAVE'S ABs,C10,https://inventory.labarchives.com/inventory/CXAP94CTP33W,CXAP94CTP33W,,Monoclonal,SK3,No,Primary,Mouse,Human
"CD4,BUV496",BD,612937,2025-12-08,144,µL,Surface,2021-07-31,87105,,David Woods' Abs,D3,https://inventory.labarchives.com/inventory/XPWDU8XNBLY2,XPWDU8XNBLY2,,Monoclonal,SK3,No,Primary,Mouse,Human
"CD4,BUV496",BD,51-9013242,2025-11-11,125,µL,Surface,2018-09-30,7121913,,Voltage Walk,A2,https://inventory.labarchives.com/inventory/4IKSSTX1D8WI,4IKSSTX1D8WI,,Monoclonal,SK3,No,Primary,Mouse,Human
"CD4,BUV496",BD,612937,2007-10-25,125,µL,Surface,2022-11-30,,,CD4 Panel,A2,https://inventory.labarchives.com/inventory/AEZRSP6L5ASE,AEZRSP6L5ASE,,Monoclonal,SK3,No,Primary,Mouse,Mouse
"CD4,BUV563",BD,741441,2025-12-16,125,µL,Surface,2025-08-31,4235513,MISSING!,LASE,E1,https://inventory.labarchives.com/inventory/MDYRGD8U1MDK,MDYRGD8U1MDK,,Monoclonal,MOP9,No,Primary,Mouse,Human
"CD4,BUV563",BD,51-9013238,2025-11-11,125,µL,Surface,2022-04-30,7172782,,Voltage Walk,A3,https://inventory.labarchives.com/inventory/MBWM94LBURNK,MBWM94LBURNK,,Monoclonal,SK3,No,Primary,Mouse,Human
"CD4,BUV563",BD,612913,2007-10-25,125,µL,Surface,2023-03-18,,,CD4 Panel,A3,https://inventory.labarchives.com/inventory/5HJPZDJHWMHF,5HJPZDJHWMHF,,Monoclonal,SK3,No,Primary,Mouse,Mouse
"CD4,BUV615",Invitrogen,366-0049-42,2026-03-31,125,µL,,2029-02-27,2972623,,Sony,C3,https://inventory.labarchives.com/inventory/AQ8QMKWCMJBU,AQ8QMKWCMJBU,,Monoclonal,RPA-T4,No,Primary,,Human
"CD4,BUV615",BD,612987,2025-12-23,500,µL,SURFACE,2028-12-31,5065042,,AML Panel,G8,https://inventory.labarchives.com/inventory/R2NYBO4VGP2A,R2NYBO4VGP2A,,Monoclonal,SK3,No,Primary,Mouse,Human
"CD4,BUV661",BD,51-9013239,2025-11-11,125,µL,Surface,2022-03-31,7131584,,Voltage Walk,A5,https://inventory.labarchives.com/inventory/53Q1BW0MBCC4,53Q1BW0MBCC4,,Monoclonal,SK3,No,Primary,Mouse,Human
"CD4,BUV661",Invitrogen,376-0049-41,2007-10-25,125,µL,Surface,2026-07-31,,,CD4 Panel,A5,https://inventory.labarchives.com/inventory/K1RMY3XQP950,K1RMY3XQP950,,Monoclonal,RPA-T4,No,Primary,Mouse,Mouse
"CD4,BUV737",BD,51-9013243,2025-12-16,125,µL,Surface,2021-05-31,7172890,,UV,A1,https://inventory.labarchives.com/inventory/LO9IF44BE8U5,LO9IF44BE8U5,,Monoclonal,SK3,No,Primary,Mouse,Human
"CD4,BUV737",BD,564305,2025-11-11,125,µL,Surface,2021-05-31,8029955,,Voltage Walk,A6,https://inventory.labarchives.com/inventory/Z6E2RNE5ABYI,Z6E2RNE5ABYI,,Monoclonal,SK3,No,Primary,Mouse,Human
"CD4,BUV737",Invitrogen,376-0049-41,2007-10-25,125,µL,Surface,2026-02-28,,,CD4 Panel,A6,https://inventory.labarchives.com/inventory/NEQ8B9KDB5KK,NEQ8B9KDB5KK,,Monoclonal,RPA-T4,No,Primary,Mouse,Mouse
"CD4,BUV805",BD,51-9013244,2025-11-11,125,µL,Surface,2021-05-31,7158998,,Voltage Walk,B1,https://inventory.labarchives.com/inventory/A99HD0XZSER3,A99HD0XZSER3,,Monoclonal,SK3,No,Primary,Mouse,Human
"CD4,BUV805",Invitrogen,368-0049-41,2007-10-25,125,µL,Surface,2023-11-25,,,CD4 Panel,A7,https://inventory.labarchives.com/inventory/6NORDH0FWOUP,6NORDH0FWOUP,,Monoclonal,RPA-T4,No,Primary,Mouse,Mouse
"CD4,BV421",BD,562424,2025-12-09,125,µL,Surface,2020-03-31,7103586,,NYU 1,I1,https://inventory.labarchives.com/inventory/8GKINZM56XJA,8GKINZM56XJA,,Monoclonal,RPA-T4,No,Primary,Mouse,Human
"CD4,BV421",BD,562424,2025-12-09,125,µL,Surface,2020-03-31,7103586,,NYU 1,I2,https://inventory.labarchives.com/inventory/LE3N1TA2Y2NH,LE3N1TA2Y2NH,,Monoclonal,RPA-T4,No,Primary,Mouse,Human
"CD4,BV421",BD,51-9013240,2025-11-11,125,µL,Surface,2022-01-31,7110960,,Voltage Walk,B2,https://inventory.labarchives.com/inventory/6HJ12VCRATY8,6HJ12VCRATY8,,Monoclonal,SK3,No,Primary,Mouse,Human
"CD4,BV421",Invitrogen,404-0049-41,2007-10-25,125,µL,Surface,2026-07-31,,,CD4 Panel,B2,https://inventory.labarchives.com/inventory/WJQFCQSBZU5T,WJQFCQSBZU5T,,Monoclonal,RPA-T4,No,Primary,Mouse,Mouse
"CD4,BV480",BD,51-9013245,2025-11-11,125,µL,Surface,2018-08-31,7110940,,Voltage Walk,B3,https://inventory.labarchives.com/inventory/2CLUHA8UZ2UB,2CLUHA8UZ2UB,,Monoclonal,SK3,No,Primary,Mouse,Human
"CD4,BV480",Invitrogen,414-0049-41,2007-10-25,125,µL,Surface,2026-07-31,,,CD4 Panel,B3,https://inventory.labarchives.com/inventory/DGOVB34XEZMG,DGOVB34XEZMG,,Monoclonal,RPA-T4,No,Primary,Mouse,Mouse
"CD4,BV510",BD,562971,2025-12-16,125,µL,Surface,2026-04-30,4331450,,LASE,F7,https://inventory.labarchives.com/inventory/J0LE3NDH0OYD,J0LE3NDH0OYD,,Monoclonal,SK3,No,Primary,Mouse,Human
"CD4,BV510",BD,51-9013246,2025-12-16,125,µL,Surface,2019-09-30,7110943,,VIOLET,D5,https://inventory.labarchives.com/inventory/E8NNP4F82WHL,E8NNP4F82WHL,,Monoclonal,SK3,No,Primary,Mouse,Human
"CD4,BV510",BD,562971,2007-10-25,125,µL,Surface,2022-11-30,,,CD4 Panel,B4,https://inventory.labarchives.com/inventory/OBG0CETU08KG,OBG0CETU08KG,,Monoclonal,SK3,No,Primary,Mouse,Mouse
"CD4,BV570",BioLegend,300533,2007-10-25,125,µL,Surface,2022-11-23,,,CD4 Panel,B5,https://inventory.labarchives.com/inventory/J5L8G72I0BPX,J5L8G72I0BPX,,Monoclonal,RPA-T4,No,Primary,Mouse,Mouse
"CD4,BV605",BD,565998,2025-12-16,125,µL,Surface,2020-04-30,7125675,,VIOLET,H3,https://inventory.labarchives.com/inventory/704NPJ6GDXUA,704NPJ6GDXUA,,Monoclonal,SK3,No,Primary,Mouse,Human
"CD4,BV605",BD,565998,2025-12-16,125,µL,Surface,2020-04-30,7125675,,VIOLET,H6,https://inventory.labarchives.com/inventory/53A6CP885G3J,53A6CP885G3J,,Monoclonal,SK3,No,Primary,Mouse,Human
"CD4,BV605",BD,562659,2025-12-16,125,µL,Surface,2020-02-29,8032807,,VIOLET,I6,https://inventory.labarchives.com/inventory/AOVX5S7GM2ES,AOVX5S7GM2ES,,Monoclonal,RPA-T4,No,Primary,Mouse,Human
"CD4,BV605",BD,565998,2025-12-09,125,µL,Surface,2021-08-31,8282888,,Violet 2,D7,https://inventory.labarchives.com/inventory/FNDT6DKOPTHJ,FNDT6DKOPTHJ,,Monoclonal,SK3,No,Primary,Mouse,Human
"CD4,BV605",BD,565998,2025-11-11,125,µL,Surface,2020-04-30,7125675,,Voltage Walk,B6,https://inventory.labarchives.com/inventory/9NHQRXXG4PJO,9NHQRXXG4PJO,,Monoclonal,SK3,No,Primary,Mouse,Human
"CD4,BV650",BD,317436,2021-09-30,125,µL,Surface,2021-09-30,B324611,,MISC 4,A1,https://inventory.labarchives.com/inventory/4AUBZDOLQHNL,4AUBZDOLQHNL,,Monoclonal,OKT4,No,Primary,Mouse,Human
"CD4,BV650",BD,51-9013248,2025-11-11,125,µL,Surface,2020-07-31,7110955,,Voltage Walk,C1,https://inventory.labarchives.com/inventory/E1010LQKOT0E,E1010LQKOT0E,,Monoclonal,SK3,No,Primary,Mouse,Human
"CD4,BV650",Invitrogen,416-0049-41,2007-10-25,125,µL,Surface,2026-07-31,,,CD4 Panel,B7,https://inventory.labarchives.com/inventory/QV0D6FPPK9XF,QV0D6FPPK9XF,,Monoclonal,RPA-T4,No,Primary,Mouse,Mouse
"CD4,BV711",BD,563028,2026-01-08,125,µL,Surface,2023-01-30,1154476,,ALZAMEND,B5,https://inventory.labarchives.com/inventory/DMJ47G5EZQ2W,DMJ47G5EZQ2W,,Monoclonal,SK3,No,Primary,Mouse,Human
"CD4,BV711",BD,563028,2025-12-16,125,µL,Surface,2023-01-30,1154476,,LASE,A3,https://inventory.labarchives.com/inventory/PR61I4ICUXSL,PR61I4ICUXSL,,Monoclonal,SK3,No,Primary,Mouse,Human
"CD4,BV711",BD,563028,2025-12-16,125,µL,Surface,2022-10-31,1154476,,ALKA 1,D4,https://inventory.labarchives.com/inventory/Z34JBJXIJS7K,Z34JBJXIJS7K,,Monoclonal,SK3,No,Primary,Mouse,Human
"CD4,BV711",BD,563028,2025-12-08,125,µL,Surface,2023-01-30,1154476,,ROSS S,G1,https://inventory.labarchives.com/inventory/JTOGU77Q0XY1,JTOGU77Q0XY1,,Monoclonal,SK3,No,Primary,Mouse,Human
"CD4,BV711",Invitrogen,407-0049-41,2007-10-25,125,µL,Surface,2026-07-31,,,CD4 Panel,B8,https://inventory.labarchives.com/inventory/O0G6MGIP6P4R,O0G6MGIP6P4R,,Monoclonal,RPA-T4,No,Primary,Mouse,Mouse
"CD4,BV750",BD,51-9013265,2025-12-16,125,µL,Surface,2018-10-31,7131585,,VIOLET,B7,https://inventory.labarchives.com/inventory/VI0SV3X57DAX,VI0SV3X57DAX,,Monoclonal,SK3,No,Primary,Mouse,Human
"CD4,BV750",BioLegend,344643,2007-10-25,125,µL,Surface,2022-11-23,,,CD4 Panel,B9,https://inventory.labarchives.com/inventory/U7Q9ICCFJ6TG,U7Q9ICCFJ6TG,,Monoclonal,RPA-T4,No,Primary,Mouse,Mouse
"CD4,BV786",BD,563877,2025-12-09,125,µL,Surface,2020-07-31,8044674,,Violet 2,D5,https://inventory.labarchives.com/inventory/NURA2LF37IT2,NURA2LF37IT2,,Monoclonal,SK3,No,Primary,Mouse,Human
"CD4,BV786",BD,563877,2025-12-09,125,µL,Surface,2020-01-31,8229547,,Violet 2,D6,https://inventory.labarchives.com/inventory/NNOKQEYHYQIO,NNOKQEYHYQIO,,Monoclonal,SK3,No,Primary,Mouse,Human
"CD4,BV786",BD,563877,2025-12-09,125,µL,Surface,2021-01-31,8229547,,Violet 2,I2,https://inventory.labarchives.com/inventory/LUWUZI2ZEBK6,LUWUZI2ZEBK6,,Monoclonal,SK3,No,Primary,Mouse,Human
"CD4,BV786",BD,563877,2025-12-08,125,µL,Surface,2021-03-31,8353751,,VIOLET 3,J6,https://inventory.labarchives.com/inventory/M4PO0IX4JI7B,M4PO0IX4JI7B,,Monoclonal,SK3,No,Primary,Mouse,Human
"CD4,BV786",BD,563877,2025-12-08,125,µL,Surface,2021-03-31,8353751,,VIOLET 3,J7,https://inventory.labarchives.com/inventory/U0WI67MGF0JY,U0WI67MGF0JY,,Monoclonal,SK3,No,Primary,Mouse,Human
"CD4,BYG584-P",BD,51-9013266,2025-12-08,125,µL,Surface,2018-07-21,7206791,,GREEN,A1,https://inventory.labarchives.com/inventory/XXVLPJM43OWR,XXVLPJM43OWR,,Monoclonal,SK3,No,Primary,Mouse,Human
"CD4,eFluor450",Invitrogen,48-0049-41,2007-10-25,125,µL,Surface,2024-11-30,,,CD4 Panel,B1,https://inventory.labarchives.com/inventory/6VBYMTOVSCSI,6VBYMTOVSCSI,,Monoclonal,RPA-T4,No,Primary,Mouse,Mouse
"CD4,FITC",BD,51-9013255,2025-12-08,125,µL,Surface,2023-01-31,7110962,,BLUE,A5,https://inventory.labarchives.com/inventory/O603A4OUIUF0,O603A4OUIUF0,,Monoclonal,SK3,No,Primary,Mouse,Human
"CD4,FITC",Invitrogen,11-0049-41,2007-10-25,125,µL,Surface,2024-04-10,,,CD4 Panel,C1,https://inventory.labarchives.com/inventory/KIQPZ12O0ZQ7,KIQPZ12O0ZQ7,,Monoclonal,RPA-T4,No,Primary,Mouse,Mouse
"CD4,PCP",Miltenyi,130-121-267,2025-12-16,125,µL,Surface,2026-05-14,1324110345,,LASE,D5,https://inventory.labarchives.com/inventory/ML1VF5U4PSUE,ML1VF5U4PSUE,,Monoclonal,REAL103,No,Primary,,Human
"CD4,PCP-Cy5.5",BD,51-9013253,2025-12-08,125,µL,Surface,2019-04-30,7172786,,BLUE,A2,https://inventory.labarchives.com/inventory/0HU0RQTVH544,0HU0RQTVH544,,Monoclonal,SK3,No,Primary,Mouse,Human
"CD4,PE",BD,51-9013251,2025-11-11,125,µL,Surface,2020-08-31,7110969,,Voltage Walk,D3,https://inventory.labarchives.com/inventory/9IDRX3F8E7P9,9IDRX3F8E7P9,,Monoclonal,SK3,No,Primary,Mouse,Human
"CD4,PE",Invitrogen,12-0049-41,2007-10-25,125,µL,Surface,2024-08-22,,,CD4 Panel,D1,https://inventory.labarchives.com/inventory/5M2VSBHKLV03,5M2VSBHKLV03,,Monoclonal,RPA-T4,No,Primary,Mouse,Mouse
"CD4,PE-,eFluor610",Invitrogen,61-0049-41,2007-10-25,125,µL,Surface,2024-02-29,,,CD4 Panel,D2,https://inventory.labarchives.com/inventory/F2DK7PKYQM64,F2DK7PKYQM64,,Monoclonal,RPA-T4,No,Primary,Mouse,Mouse
"CD4,PE-CF594",BD,566317,2025-11-11,125,µL,Surface,2020-08-31,9128509,,Voltage Walk,D4,https://inventory.labarchives.com/inventory/5DU5WJSJ1IWJ,5DU5WJSJ1IWJ,,Monoclonal,SK3,No,Primary,Mouse,Human
"CD4,PE-Cy5",BD,566004,2025-12-16,125,µL,Surface,2024-05-31,1173988,,DAVE'S ABs,C6,https://inventory.labarchives.com/inventory/JA7S1SR32SH2,JA7S1SR32SH2,,Monoclonal,SK3,No,Primary,Mouse,Human
"CD4,PE-Cy5",BD,566004,2025-12-08,125,µL,Surface,2022-01-31,9261936,,David Woods' Innate,A5,https://inventory.labarchives.com/inventory/YDTMHRMM08ZS,YDTMHRMM08ZS,,Monoclonal,SK3,No,Primary,Mouse,Human
"CD4,PE-CY5",BD,51-9013252,2025-11-11,125,µL,Surface,2020-02-29,7110971,,Voltage Walk,D5,https://inventory.labarchives.com/inventory/YDW5GMKRWEF4,YDW5GMKRWEF4,,Monoclonal,SK3,No,Primary,Mouse,Human
"CD4,PE-Cy7",BD,557852,2025-12-08,125,µL,Surface,2019-03-31,7180942,,GREEN,I6,https://inventory.labarchives.com/inventory/TDMJOZFVWISZ,TDMJOZFVWISZ,,Monoclonal,SK3,No,Primary,Mouse,Human
"CD4,PE-CY7",BD,51-9013254,2025-11-11,125,µL,Surface,2019-03-31,7129646,,Voltage Walk,E1,https://inventory.labarchives.com/inventory/5C8WS1EBPCLY,5C8WS1EBPCLY,,Monoclonal,SK3,No,Primary,Mouse,Human
"CD4,PE-Cyanine5",Invitrogen,15-0049-41,2007-10-25,125,µL,Surface,2025-03-29,,,CD4 Panel,D3,https://inventory.labarchives.com/inventory/4121WDLKCAIC,4121WDLKCAIC,,Monoclonal,RPA-T4,No,Primary,Mouse,Mouse
"CD4,PE-Cyanine7",Invitrogen,25-0049-41,2007-10-25,125,µL,Surface,2023-07-01,,,CD4 Panel,D5,https://inventory.labarchives.com/inventory/RJB31I42OE4A,RJB31I42OE4A,,Monoclonal,RPA-T4,No,Primary,Mouse,Mouse
"CD4,PE/Fire810",BioLegend,344677,2007-10-25,125,µL,Surface,2024-05-31,,,CD4 Panel,D6,https://inventory.labarchives.com/inventory/3IFG7Q8QD4A2,3IFG7Q8QD4A2,,Monoclonal,SK3,No,Primary,Mouse,Mouse
"CD4,PErCP-,eFluor710",Invitrogen,46-0049-41,2007-10-25,125,µL,Surface,2023-04-09,,,CD4 Panel,C5,https://inventory.labarchives.com/inventory/VW8PNAAX81UT,VW8PNAAX81UT,,Monoclonal,RPA-T4,No,Primary,Mouse,Mouse
"CD4,PO",Invitrogen,79-0049-41,2025-11-11,125,µL,Surface,2025-10-06,2260295,,AML Panel,J6,https://inventory.labarchives.com/inventory/GBTX8Z3FLVEJ,GBTX8Z3FLVEJ,,Monoclonal,RPA-T4,No,Primary,,Human
"CD4,RY586",BD,568139,2025-12-08,125,µL,Surface,2023-01-30,131352,,MISC 2,E3,https://inventory.labarchives.com/inventory/HCXS0OHA4PW5,HCXS0OHA4PW5,,Monoclonal,SK3,No,Primary,Mouse,Human
"CD4,SB600",eBioscience,63-0047-41,2025-12-16,125,µL,Surface,2019-08-31,4322874,,VIOLET,B5,https://inventory.labarchives.com/inventory/HJASBERKA2CB,HJASBERKA2CB,,Monoclonal,SK3,No,Primary,,Human
"CD4,SB600",Invitrogen,63-0049-41,2007-10-25,125,µL,Surface,2026-03-07,,,CD4 Panel,B6,https://inventory.labarchives.com/inventory/3U7MWXOFDJRK,3U7MWXOFDJRK,,Monoclonal,RPA-T4,No,Primary,Mouse,Mouse
"CD4,SB645",Invitrogen,64-0047-42,2025-12-16,125,µL,Surface,2019-11-30,4338440,,VIOLET,C1,https://inventory.labarchives.com/inventory/R8VPB0AVF28E,R8VPB0AVF28E,,Monoclonal,SK3,No,Primary,,Human
"CD4,SB645",Invitrogen,64-0047-42,2025-12-09,125,µL,Surface,2019-11-30,4338440,,Violet 2,I3,https://inventory.labarchives.com/inventory/0BRSYDJ5FSS0,0BRSYDJ5FSS0,,Monoclonal,SK3,No,Primary,,Human
"CD4,SB702",Invitrogen,67-0047-41,2025-12-16,125,µL,Surface,2020-02-29,4339613,,VIOLET,B4,https://inventory.labarchives.com/inventory/J3LJSL7A3GUW,J3LJSL7A3GUW,,Monoclonal,SK3,No,Primary,,Human
"CD4,SB780",Invitrogen,78-0049-41,2007-10-25,125,µL,Surface,2027-04-05,,,CD4 Panel,B10,https://inventory.labarchives.com/inventory/92802RI6AKGH,92802RI6AKGH,,Monoclonal,RPA-T4,No,Primary,Mouse,Mouse
"CD40,BB630-P2",BD,624294,2025-12-16,125,µL,Surface,2020-11-30,9343244,,NOVARTIS,D3,https://inventory.labarchives.com/inventory/AWQRAK66PM8R,AWQRAK66PM8R,,Monoclonal,5C3,No,Primary,Mouse,Human
"CD40,PE-Cy7",BD,561215,2025-12-08,125,µL,Surface,2019-02-28,7188838,,GREEN,B1,https://inventory.labarchives.com/inventory/3B8GZOQVU9J3,3B8GZOQVU9J3,,Monoclonal,5C3,No,Primary,Mouse,Human
"CD40,PE-Cy7",BD,561215,2025-12-08,125,µL,Surface,2019-02-28,7188838,,GREEN,B2,https://inventory.labarchives.com/inventory/NCEI3P1EPVHF,NCEI3P1EPVHF,,Monoclonal,5C3,No,Primary,Mouse,Human
"CD40,PE-Cy7",BD,561215,2025-12-08,125,µL,Surface,2020-05-31,8177538,,GREEN,F7,https://inventory.labarchives.com/inventory/B41GA144SNZN,B41GA144SNZN,,Monoclonal,5C3,No,Primary,Mouse,Human
"CD40,PE-Cy7",BD,561215,2025-12-08,125,µL,Surface,2020-05-31,8177538,,GREEN,I1,https://inventory.labarchives.com/inventory/OVBZN92VF1YF,OVBZN92VF1YF,,Monoclonal,5C3,No,Primary,Mouse,Human
"CD40,PE-Cy7",BD,561215,2025-12-08,125,µL,Surface,2020-05-31,8177538,,GREEN,I2,https://inventory.labarchives.com/inventory/9TWK9NFEIJX9,9TWK9NFEIJX9,,Monoclonal,5C3,No,Primary,Mouse,Human
"CD40,PE-Cy7",BD,561215,2025-12-08,125,µL,Surface,2021-01-31,9044602,,GREEN,J2,https://inventory.labarchives.com/inventory/PUHNBAP1DPYY,PUHNBAP1DPYY,,Monoclonal,5C3,No,Primary,Mouse,Human
"CD40,PE-Cy7",BD,561215,2025-12-08,125,µL,Surface,2021-01-31,9044602,,GREEN,J3,https://inventory.labarchives.com/inventory/FVVX4N31OITP,FVVX4N31OITP,,Monoclonal,5C3,No,Primary,Mouse,Human
"CD41,BV421",BioLegend,303729,2025-12-23,125,µL,,2027-03-28,B432795,,MISC 2,A5,https://inventory.labarchives.com/inventory/M3MYGWHRIH70,M3MYGWHRIH70,,Monoclonal,HIP8,No,Primary,Mouse,Human
"CD41,pb",BioLegend,303714,2025-11-11,125,µL,Surface,2027-05-31,B368404,,AML Panel,C3,https://inventory.labarchives.com/inventory/9KX3NPZ80RFG,9KX3NPZ80RFG,,Monoclonal,HIP8,No,Primary,Mouse,Human
"CD41,PErCP",Invitrogen,MA5-28563,2025-11-11,125,µL,Surface,2026-11-11,ZA4197587A,LARGER BOTTLE-LOOSE,AML Panel,B8,https://inventory.labarchives.com/inventory/AAZBXN6KULR3,AAZBXN6KULR3,,Monoclonal,,No,Primary,,
"CD41a,APC-R700",BD,624348,2025-12-08,137,µL,Intracellular,2019-04-25,8095723,,RED,D4,https://inventory.labarchives.com/inventory/8O71GTWI8M4D,8O71GTWI8M4D,,Monoclonal,HIP8,No,Primary,Mouse,Human
"CD41a,BV711",BD,740778,2025-11-23,125,µL,Surface,2025-04-30,4110001,,AML Panel,F7,https://inventory.labarchives.com/inventory/LKTP62WX9N2R,LKTP62WX9N2R,,Monoclonal,HIP8,No,Primary,Mouse,Human
"CD43,BV650",BD,745301,2025-12-16,125,µL,Surface,2019-04-30,810755,,VIOLET,A3,https://inventory.labarchives.com/inventory/II3OFNUAKHD6,II3OFNUAKHD6,,Monoclonal,L60,No,Primary,Mouse,Human
"CD44,PerCP806",BioLegend,103082,2026-03-31,125,µL,,2027-05-30,B469618,,Sony,A1,https://inventory.labarchives.com/inventory/O6P8FCRWKX74,O6P8FCRWKX74,,Monoclonal,IM7,No,Primary,Rat,Human
"CD45,APC",BioLegend,982304,2025-12-23,125,µL,,2026-04-02,B422695,,MISC 2,A4,https://inventory.labarchives.com/inventory/TAXPSAZCUOAG,TAXPSAZCUOAG,,Monoclonal,HI30,No,Primary,,Human
"CD45,APC",BioLegend,982304,2026-04-02,125,µL,Surface,2026-04-02,B422695,,MISC 4,E2,https://inventory.labarchives.com/inventory/YM4RC9QSODVO,YM4RC9QSODVO,,Monoclonal,HI30,No,Primary,Mouse,Human
"CD45,APC-Cy7",BD,557833,2025-12-08,155,µL,Surface,2021-01-31,8059688,,RED,F5,https://inventory.labarchives.com/inventory/1J36JW854YH8,1J36JW854YH8,,Monoclonal,,No,Primary,Mouse,Human
"CD45,APC-CY7",BD,557833,2025-11-11,125,µL,Surface,2021-01-31,8059688,,Voltage Walk,E5,https://inventory.labarchives.com/inventory/DLISYF57XSCT,DLISYF57XSCT,,Monoclonal,,No,Primary,Mouse,Human
"CD45,APC-Cy7",BD,557833,2025-10-28,125,µL,Surface,2021-01-31,8059688,,NEXT POINT,E1,https://inventory.labarchives.com/inventory/2VWZZ0L76L6Y,2VWZZ0L76L6Y,,Monoclonal,,No,Primary,Mouse,Human
"CD45,APC810",BioLegend,304076,2026-03-31,125,µL,,2028-09-16,B453104,,Sony,D1,https://inventory.labarchives.com/inventory/5R3TJ9HYKPUV,5R3TJ9HYKPUV,,Monoclonal,HI30,No,Primary,Mouse,Human
"CD45,APCF810",BioLegend,304076,2025-12-23,500,µL,SURFACE,2028-09-16,B453104,,AML Panel,E1,https://inventory.labarchives.com/inventory/70XEXWOM4PGR,70XEXWOM4PGR,,Monoclonal,HI30,No,Primary,Mouse,Human
"CD45,BB515",BD,564585,2025-12-16,125,µL,Surface,2021-06-23,8219783,,NOVARTIS,E2,https://inventory.labarchives.com/inventory/74KFWTF2M75N,74KFWTF2M75N,,Monoclonal,HI30,No,Primary,Mouse,Human
"CD45,BB515",BD,564585,2025-12-08,125,µL,Surface,2021-02-28,8092822,,BLUE,E1,https://inventory.labarchives.com/inventory/GOXK2J3RIJER,GOXK2J3RIJER,,Monoclonal,HI30,No,Primary,Mouse,Human
"CD45,BUV661",BD,624285,2025-12-16,125,µL,Surface,2020-07-09,9168849,,NOVARTIS,E9,https://inventory.labarchives.com/inventory/10BQTHO1OICG,10BQTHO1OICG,,Monoclonal,HI30,No,Primary,Mouse,Human
"CD45,PCP",BD,347464,2025-12-08,125,µL,Intracellular,2020-05-31,8150765,,MISC 3,D2,https://inventory.labarchives.com/inventory/C7AIP3U1ROTL,C7AIP3U1ROTL,,Monoclonal,2D1,No,Primary,Mouse,Human
"CD45,PE-CF594",BD,562279,2025-12-16,125,µL,Surface,2020-03-31,8227793,,NOVARTIS,H8,https://inventory.labarchives.com/inventory/VVD7GC7T648S,VVD7GC7T648S,,Monoclonal,HI30,No,Primary,Mouse,Human
"CD45,PE-CF594",BD,562312,2025-12-08,125,µL,Surface,2019-06-30,7215781,,GREEN,D1,https://inventory.labarchives.com/inventory/N7KJC73PREXT,N7KJC73PREXT,,Monoclonal,HI30,No,Primary,Mouse,Human
"CD45,PE-CF594",BD,562312,2025-12-08,125,µL,Surface,2019-06-30,7215781,,GREEN,E9,https://inventory.labarchives.com/inventory/FSZQ8T4WF7R1,FSZQ8T4WF7R1,,Monoclonal,HI30,No,Primary,Mouse,Human
"CD45,PE-CF594",BD,562312,2025-12-08,125,µL,Surface,2020-03-31,8198527,,GREEN,F1,https://inventory.labarchives.com/inventory/CEPICW543F9X,CEPICW543F9X,,Monoclonal,HI30,No,Primary,Mouse,Human
"CD45,PE-CF594",BD,562312,2025-12-08,125,µL,Surface,2020-03-31,8198527,,GREEN,G5,https://inventory.labarchives.com/inventory/KH4OJSSMWKC8,KH4OJSSMWKC8,,Monoclonal,HI30,No,Primary,Mouse,Human
"CD45,PE-CF594",BD,562312,2025-12-08,125,µL,Surface,2020-03-31,8198527,,GREEN,G6,https://inventory.labarchives.com/inventory/74KII53NMXZG,74KII53NMXZG,,Monoclonal,HI30,No,Primary,Mouse,Human
"CD45,PE-CF594",BD,562312,2025-12-08,125,µL,Surface,2020-03-31,8198527,,GREEN,G7,https://inventory.labarchives.com/inventory/QR42VIL4TAZ4,QR42VIL4TAZ4,,Monoclonal,HI30,No,Primary,Mouse,Human
"CD45RA,APC/Cy7",BioLegend,304128,2025-12-16,125,µL,Surface,2025-12-16,B401250,,LASE,C3,https://inventory.labarchives.com/inventory/MYCE016FTPZW,MYCE016FTPZW,,Monoclonal,HI100,No,Primary,Mouse,Human
"CD45RA,BB790-P",BD,624298,2025-12-08,125,µL,Surface,2018-07-31,8047754,,BLUE,B3,https://inventory.labarchives.com/inventory/726SGM4SNP9B,726SGM4SNP9B,,Monoclonal,5HG,No,Primary,Mouse,Human
"CD45RA,BB790-P",BD,624296,2025-12-08,125,µL,Surface,2019-10-31,8291986,,BLUE,H4,https://inventory.labarchives.com/inventory/91SM1YUAYR24,91SM1YUAYR24,,Monoclonal,5Hg,No,Primary,Mouse,Human
"CD45RA,BV570",BioLegend,304132,2026-03-31,125,µL,,2028-04-02,B459931,,Sony,B6,https://inventory.labarchives.com/inventory/F6HH6N1KG1QD,F6HH6N1KG1QD,,Monoclonal,HI100,No,Primary,Mouse,Human
"CD45RA,BV750",BD,747465,2025-10-28,125,µL,Surface,2020-07-31,9203902,,NEXT POINT,F1,https://inventory.labarchives.com/inventory/FU6VZ4JO2ZK9,FU6VZ4JO2ZK9,,Monoclonal,5H9,No,Primary,Mouse,Human
"CD45RA,PE",BD,555489,2025-12-08,125,µL,Intracellular,2023-10-31,8032882,,MISC 3,B1,https://inventory.labarchives.com/inventory/39SK9QVOURGM,39SK9QVOURGM,,Monoclonal,,No,Primary,Mouse,Human
"CD45RA,PE",BD,561883,2025-12-08,125,µL,Surface,2023-06-30,7244565,,GREEN,D4,https://inventory.labarchives.com/inventory/6VSLO29OV7LD,6VSLO29OV7LD,,Monoclonal,HI100,No,Primary,Mouse,Human
"CD45RA,PE-Cy5",BD,552888,2025-12-16,125,µL,Surface,2020-04-30,8110737,,NOVARTIS,H9,https://inventory.labarchives.com/inventory/VNE98NNNVR09,VNE98NNNVR09,,Monoclonal,5H9,No,Primary,Mouse,Human
"CD45RA,PE-Cy5",BD,555490,2025-12-09,125,µL,Surface,2019-02-28,7199936,,PI AB,C2,https://inventory.labarchives.com/inventory/7STJJIHOHHY3,7STJJIHOHHY3,,Monoclonal,,No,Primary,Mouse,Human
"CD45RA,PE-Cy5",BD,552888,2025-12-08,125,µL,Surface,2020-04-30,7144708,,GREEN,E1,https://inventory.labarchives.com/inventory/OZ3UNU4F3TW8,OZ3UNU4F3TW8,,Monoclonal,5H9,No,Primary,Mouse,Human
"CD45RO,APC",BioLegend,304210,2026-01-08,125,µL,Surface,2023-01-30,B213627,,ALZAMEND,J2,https://inventory.labarchives.com/inventory/9DO1UULNMOS0,9DO1UULNMOS0,,Monoclonal,UCHL1,No,Primary,,Human
"CD45RO,APC",BD,559865,2025-12-16,2,mL,Surface,2022-05-31,1067518,,ALKA 1,H2,https://inventory.labarchives.com/inventory/244QLQXDOEDP,244QLQXDOEDP,,Monoclonal,,No,Primary,Mouse,Human
"CD45RO,APC",BD,559865,2025-12-08,125,µL,Intracellular,2022-05-31,1067518,,MISC 3,A3,https://inventory.labarchives.com/inventory/637XMGY887WO,637XMGY887WO,,Monoclonal,,No,Primary,Mouse,Human
"CD45RO,APC",BD,559865,2025-12-08,125,µL,Intracellular,2022-05-31,1067518,,MISC 3,A4,https://inventory.labarchives.com/inventory/ETSDYJ85Y9R3,ETSDYJ85Y9R3,,Monoclonal,,No,Primary,Mouse,Human
"CD45RO,APC",BD,340438,2025-12-08,125,µL,Intracellular,2019-09-30,8110850,,MISC 3,C1,https://inventory.labarchives.com/inventory/OE49S8TOXJ33,OE49S8TOXJ33,,Monoclonal,UCHL-1,No,Primary,Mouse,Human
"CD45RO,APC",BD,559865,2025-12-08,140,µL,Surface,2022-03-31,9106536,,MISC 5,I2,https://inventory.labarchives.com/inventory/VRUQM9MOLDQ3,VRUQM9MOLDQ3,,Monoclonal,,No,Primary,Mouse,Human
"CD45RO,APC",BD,559865,2025-12-08,125,µL,Surface,2022-03-31,9106536,,YELLOW PI,A3,https://inventory.labarchives.com/inventory/IBH6CP6OLZN3,IBH6CP6OLZN3,,Monoclonal,,No,Primary,Mouse,Human
"CD45RO,BB660-P2",BD,624295,2025-12-08,125,µL,Surface,2019-03-31,8106822,,BLUE,E5,https://inventory.labarchives.com/inventory/YQQMA5RAG795,YQQMA5RAG795,,Monoclonal,UCHL1,No,Primary,Mouse,Human
"CD45RO,BUV395",BD,564292,2015-10-25,125,µL,Surface,2024-08-31,3079115,,ALKA 2,B1,https://inventory.labarchives.com/inventory/X61WCT8MJZDP,X61WCT8MJZDP,,Monoclonal,UCHL1,No,Primary,Mouse,Mouse
"CD45RO,BV480",BD,566143,2025-12-16,125,µL,Surface,2024-07-31,3093916,,LASE,A5,https://inventory.labarchives.com/inventory/FWOIP5YP3USW,FWOIP5YP3USW,,Monoclonal,UCHL1,No,Primary,Mouse,Human
"CD45RO,BV750",BD,624380,2025-12-16,125,µL,Surface,2019-02-22,8047839,,VIOLET,H4,https://inventory.labarchives.com/inventory/DAJHHO9W8J4T,DAJHHO9W8J4T,,Monoclonal,UCHL1,No,Primary,Mouse,Human
"CD45RO,BV750",BD,624380,2025-12-09,125,µL,Surface,2019-08-08,8291590,,Violet 2,G5,https://inventory.labarchives.com/inventory/78ZXEXOUT7VI,78ZXEXOUT7VI,,Monoclonal,UCHL1,No,Primary,Mouse,Human
"CD45RO,BV786",BD,564290,2025-12-09,125,µL,Surface,2020-02-29,8087518,,Violet 2,E8,https://inventory.labarchives.com/inventory/SKW7WWUNY3X5,SKW7WWUNY3X5,,Monoclonal,UCHL1,No,Primary,Mouse,Human
"CD45RO,PB",BioLegend,304216,2026-03-31,125,µL,,2030-02-06,B472650,,Sony,B4,https://inventory.labarchives.com/inventory/68H35R8M7PYR,68H35R8M7PYR,,Monoclonal,UCHL1,No,Primary,Mouse,Human
"CD45RO,PE-CF594",BD,562299,2025-12-09,125,µL,Surface,2017-10-31,5322841,,NYU 1,I3,https://inventory.labarchives.com/inventory/JSAPRR799ENF,JSAPRR799ENF,,Monoclonal,UCHL1,No,Primary,Mouse,Human
"CD45RO,PE-CF594",BD,562299,2025-12-09,125,µL,Surface,2017-10-31,5322841,,NYU 1,I4,https://inventory.labarchives.com/inventory/F3Y77ND0CE28,F3Y77ND0CE28,,Monoclonal,UCHL1,No,Primary,Mouse,Human
"CD45RO,PE-CF594",BD,562299,2025-12-09,125,µL,Surface,2017-10-31,5322841,,NYU 1,I5,https://inventory.labarchives.com/inventory/NRP1ZWVR2LBR,NRP1ZWVR2LBR,,Monoclonal,UCHL1,No,Primary,Mouse,Human
"CD45RO,RB780",BD,569124,2024-04-30,125,µL,Surface,2024-04-30,2347491,,MISC 4,J1,https://inventory.labarchives.com/inventory/H03DS9W55G0G,H03DS9W55G0G,,Monoclonal,UCHL1,No,Primary,Mouse,Human
"CD45S,BV610",none,0000,2025-11-04,125,µL,Surface,2026-11-04,000,,KINETIC RIVER,A6,https://inventory.labarchives.com/inventory/81YG4TW2B1YA,81YG4TW2B1YA,,Monoclonal,,No,Primary,,Human
"CD47,BUV395",BD,744308,2025-12-16,125,µL,Surface,2019-04-30,810748,,UV,H1,https://inventory.labarchives.com/inventory/5HJDCA8TJ17X,5HJDCA8TJ17X,,Monoclonal,B6H12,No,Primary,Mouse,Human
"CD49,BBB660",BD,624295,2025-11-11,125,µL,Surface,2019-01-31,8047800,,Voltage Walk,C6,https://inventory.labarchives.com/inventory/H7PHQWFCB0WV,H7PHQWFCB0WV,,Monoclonal,12F1,No,Primary,Mouse,Human
"CD49,BBB660-P2",BD,624295,2025-12-08,125,µL,Surface,2019-09-30,8291951,,BLUE,G4,https://inventory.labarchives.com/inventory/0KZIQZUIJMNL,0KZIQZUIJMNL,,Monoclonal,12F1,No,Primary,Mouse,Human
"CD49d,APC-R700",BD,624348,2025-12-08,140,µL,Surface,2019-05-01,8106716,,RED,D7,https://inventory.labarchives.com/inventory/KHFQMZAVY32I,KHFQMZAVY32I,,Monoclonal,9F10,No,Primary,Mouse,Human
"CD49f,BV750",BD,624380,2025-12-09,125,µL,Surface,2019-05-01,8106711,,Violet 2,A7,https://inventory.labarchives.com/inventory/L7NG3IPHOI1S,L7NG3IPHOI1S,,Monoclonal,GoH3,No,Primary,Rat,Human
"CD4Nov,AFluo,RYellow690",Invitrogen,H001T02Y05,2007-10-25,125,µL,Surface,2022-11-23,,,CD4 Panel,D4,https://inventory.labarchives.com/inventory/AVU39IV53JKE,AVU39IV53JKE,,Monoclonal,SK3,No,Primary,Mouse,Mouse
"CD4Nov,AFluorBlue555",Invitrogen,H001T02B03,2007-10-25,125,µL,Surface,2022-11-23,,,CD4 Panel,C2,https://inventory.labarchives.com/inventory/QEA0ALFK70BC,QEA0ALFK70BC,,Monoclonal,SK3,No,Primary,Mouse,Mouse
"CD4Nov,AFluorBlue610-70S",Invitrogen,H001T02B06,2007-10-25,125,µL,Surface,2022-11-23,,,CD4 Panel,C3,https://inventory.labarchives.com/inventory/GZG8S6UHPUT9,GZG8S6UHPUT9,,Monoclonal,SK3,No,Primary,Mouse,Mouse
"CD4Nov,AFluorBlue660-40S",Invitrogen,H001T02B07,2007-10-25,125,µL,Surface,2022-11-23,,,CD4 Panel,C4,https://inventory.labarchives.com/inventory/25XV5J9VF1N7,25XV5J9VF1N7,,Monoclonal,SK3,No,Primary,Mouse,Mouse
"CD5,BB515",BD,564648,2025-11-11,125,µL,Surface,2023-06-30,1034412,,AML Panel,C4,https://inventory.labarchives.com/inventory/ZFPHHBZ77HY7,ZFPHHBZ77HY7,,Monoclonal,UCHT2,No,Primary,Mouse,Human
"CD5,BB515",BD,564647,2025-11-11,125,µL,Surface,2025-01-31,3089815,,AML Panel,C6,https://inventory.labarchives.com/inventory/BQ11TAFDOX75,BQ11TAFDOX75,,Monoclonal,UCHT2,No,Primary,Mouse,Human
"CD5,NFB660-120S",Invitrogen,H034T03B08-N,2026-03-31,125,µL,,2026-03-31,3219109,,Sony,C5,https://inventory.labarchives.com/inventory/9UZQJRQV7OEE,9UZQJRQV7OEE,,Monoclonal,UCHT2,No,Primary,,Human
"CD5,PE-CF594",BD,624352,2025-12-08,125,µL,Surface,2019-05-01,8103606,,GREEN,E4,https://inventory.labarchives.com/inventory/AAIO67YYAA84,AAIO67YYAA84,,Monoclonal,UCHT2,No,Primary,Mouse,Human
"CD5,PE-Cy7",BD,348790,2025-12-09,125,µL,Surface,2018-12-31,8059575,,PI AB,A4,https://inventory.labarchives.com/inventory/U7WHISZEUOYB,U7WHISZEUOYB,,Monoclonal,,No,Primary,Mouse,Human
"CD5,PE-Cy7",BD,348790,2025-10-28,2,mL,Surface,2019-09-30,8318687,"Large bottle, no specific spot avalible",HORIZON PANEL,D1,https://inventory.labarchives.com/inventory/LVOB0N3AF741,LVOB0N3AF741,,Monoclonal,L17F12,No,Primary,,Human
"CD54,BUV563",BD,741374,2026-03-31,125,µL,,2027-03-31,6078440,,Sony,D8,https://inventory.labarchives.com/inventory/G95ZJ5ZDAADU,G95ZJ5ZDAADU,,Monoclonal,HA58,No,Primary,Mouse,Human
"CD55,BUV496",BD,624283,2025-12-16,125,µL,Surface,2019-05-01,8106706,,UV,H2,https://inventory.labarchives.com/inventory/0HJ08L9S8LTA,0HJ08L9S8LTA,,Monoclonal,IA10,No,Primary,Mouse,Human
"CD56,BUV563",BD,565704,2025-12-16,125,µL,Surface,2023-07-31,8250989,,UV 2,A3,https://inventory.labarchives.com/inventory/DRB980Y7NXI5,DRB980Y7NXI5,,Monoclonal,NCAM16.2,No,Primary,Mouse,Human
"CD56,BUV563",BD,565704,2025-12-16,125,µL,Surface,2023-07-31,8250989,,UV 2,D1,https://inventory.labarchives.com/inventory/KF1HCY4ZT7DP,KF1HCY4ZT7DP,,Monoclonal,NCAM16.2,No,Primary,Mouse,Human
"CD56,BUV563",BD,748610,2025-12-16,125,µL,Surface,2020-06-30,9157866,,UV 2,E8,https://inventory.labarchives.com/inventory/SAM56L9BQ85M,SAM56L9BQ85M,,Monoclonal,MY31,No,Primary,Mouse,Human
"CD56,BUV563",BD,748610,2025-12-16,125,µL,Surface,2020-06-30,9157868,,UV 2,E9,https://inventory.labarchives.com/inventory/Y9QJMCTDHWLR,Y9QJMCTDHWLR,,Monoclonal,MY31,No,Primary,Mouse,Human
"CD56,BUV563",BD,565704,2025-12-16,125,µL,Surface,2022-04-30,7286539,,UV,F1,https://inventory.labarchives.com/inventory/GYDSOBJ1UGNW,GYDSOBJ1UGNW,,Monoclonal,NCAM16.2,No,Primary,Mouse,Human
"CD56,BUV737",BD,612766,2025-10-28,125,µL,Surface,2027-09-30,2332923,,NEXT POINT,E9,https://inventory.labarchives.com/inventory/FV9FT1AMM9QJ,FV9FT1AMM9QJ,,Monoclonal,NCAM16.2,No,Primary,Mouse,Human
"CD56,BV570",BD,318330,2025-12-08,125,µL,Surface,2024-10-25,B355511,,David Woods' Innate,B6,https://inventory.labarchives.com/inventory/QIBUO0DNX8L5,QIBUO0DNX8L5,,Monoclonal,HCD56,No,Primary,Mouse,Human
"CD56,BV650",BD,742660,2025-12-16,125,µL,Surface,2020-07-31,9203920,,VIOLET,I7,https://inventory.labarchives.com/inventory/2XXVMEBBECAW,2XXVMEBBECAW,,Monoclonal,MY31,No,Primary,Mouse,Human
"CD56,BV650",BD,744220,2025-12-16,125,µL,Surface,2023-03-31,2074368,,DAVE'S ABs,D5,https://inventory.labarchives.com/inventory/V3RIT87LJG67,V3RIT87LJG67,,Monoclonal,R19-760,No,Primary,Mouse,Human
"CD56,BV650",BD,744220,2025-12-16,125,µL,Surface,2021-12-31,339049,,DAVE'S ABs,F1,https://inventory.labarchives.com/inventory/6R89RJ03OOD4,6R89RJ03OOD4,,Monoclonal,R19-760,No,Primary,Mouse,Human
"CD56,BV650",BD,564057,2025-12-16,125,µL,Surface,2020-05-31,8169501,,ALKA 1,B2,https://inventory.labarchives.com/inventory/ZTAB2NYI1JJP,ZTAB2NYI1JJP,,Monoclonal,NCAM16.2,No,Primary,Mouse,Human
"CD56,BV650",BD,564057,2025-12-16,125,µL,Surface,2020-05-31,8169501,,NOVARTIS,G8,https://inventory.labarchives.com/inventory/KADMPI2JDB5V,KADMPI2JDB5V,,Monoclonal,NCAM16.2,No,Primary,Mouse,Human
"CD56,BV650",BD,564057,2025-12-09,125,µL,Surface,2019-06-30,7209974,,Violet 2,B1,https://inventory.labarchives.com/inventory/5KA9DTS7RMY3,5KA9DTS7RMY3,,Monoclonal,NCAM16.2,No,Primary,Mouse,Human
"CD56,BV711",BD,744221,2025-12-16,125,µL,Surface,2020-11-30,9305346,,ALKA 1,E5,https://inventory.labarchives.com/inventory/6B1LUSMFJBZN,6B1LUSMFJBZN,,Monoclonal,R19-760,No,Primary,Mouse,Human
"CD56,BV786",BD,742662,2025-12-16,125,µL,Surface,2019-02-28,8044773,,VIOLET,D3,https://inventory.labarchives.com/inventory/V90L0RFQACZA,V90L0RFQACZA,,Monoclonal,MY31,No,Primary,Mouse,Human
"CD56,FITC",BD,340410,2025-12-08,125,µL,Intracellular,2019-09-30,8052833,,MISC 3,D1,https://inventory.labarchives.com/inventory/AAPJ63J2DLPZ,AAPJ63J2DLPZ,,Monoclonal,NCAM16.2,No,Primary,Mouse,Human
"CD56,PE-Cy7",BD,557747,2025-12-09,125,µL,Surface,2019-03-31,7145772,,NYU 1,I6,https://inventory.labarchives.com/inventory/OP8MH9TA22KG,OP8MH9TA22KG,,Monoclonal,B159,No,Primary,Mouse,Human
"CD56,PE-Cy7",BD,557747,2025-12-09,125,µL,Surface,2019-03-31,7145772,,NYU 1,I7,https://inventory.labarchives.com/inventory/LDJ4EMZQ0D5H,LDJ4EMZQ0D5H,,Monoclonal,B159,No,Primary,Mouse,Human
"CD56,PE/Cy5",BioLegend,362516,2026-03-31,125,µL,,2029-07-24,B470278,,Sony,A6,https://inventory.labarchives.com/inventory/Q7XJ5O1H1GH2,Q7XJ5O1H1GH2,,Monoclonal,5.1H11,No,Primary,Mouse,Human
"CD56,PEF700",BioLegend,392427,2025-12-23,125,µL,SURFACE,2029-03-28,B459337,,AML Panel,E3,https://inventory.labarchives.com/inventory/G2UTXAS82WCL,G2UTXAS82WCL,,Monoclonal,QA17A16,No,Primary,Mouse,Human
"CD57,BB790-P",BD,624296,2025-12-08,125,µL,Surface,2019-10-31,8291995,,MISC 5,A1,https://inventory.labarchives.com/inventory/Z3A0HOY5ULJY,Z3A0HOY5ULJY,,Monoclonal,NK-1,No,Primary,Mouse,Human
"CD57,BB790-P",BD,624296,2025-12-08,128,µL,Surface,2020-06-27,9183980,,MISC 5,B1,https://inventory.labarchives.com/inventory/GXRV221SYMIJ,GXRV221SYMIJ,,Monoclonal,NK-1,No,Primary,Mouse,Human
"CD57,BV421",BioLegend,393326,2026-03-31,125,µL,,2027-03-08,B4711825,,Sony,B2,https://inventory.labarchives.com/inventory/ZIG1PTGXG04S,ZIG1PTGXG04S,,Monoclonal,QA17A04,No,Primary,Mouse,Human
"CD57,BV605",BD,393304,2026-01-08,125,µL,Surface,2023-01-30,B339012,,ALZAMEND,A3,https://inventory.labarchives.com/inventory/NJUT0WXZU69U,NJUT0WXZU69U,,Monoclonal,QA17A04,No,Primary,Mouse,Human
"CD57,BV605",BioLegend,393304,2025-12-16,125,µL,Surface,2023-01-30,B339012,,LASE,A1,https://inventory.labarchives.com/inventory/MB5ABZ8979CY,MB5ABZ8979CY,,Monoclonal,QA17A04,No,Primary,Mouse,Human
"CD57,BV605",BD,393304,2025-12-08,125,µL,Surface,2023-01-30,B339012,,ROSS S,C2,https://inventory.labarchives.com/inventory/KZD8KDBBE7TW,KZD8KDBBE7TW,,Monoclonal,QA17A04,No,Primary,Mouse,Human
"CD57,BV605",BD,393304,2025-12-08,125,µL,Surface,2023-01-30,B339012,,ROSS S,C3,https://inventory.labarchives.com/inventory/QGPM053JTSZO,QGPM053JTSZO,,Monoclonal,QA17A04,No,Primary,Mouse,Human
"CD57,BV605",BD,393304,2025-12-08,125,µL,Surface,2023-01-30,B339012,,ROSS S,C6,https://inventory.labarchives.com/inventory/42QBP1Z3DD9B,42QBP1Z3DD9B,,Monoclonal,QA17A04,No,Primary,Mouse,Human
"CD57,BV605",BioLegend,393304,2025-10-28,125,µL,Surface,2026-10-28,B339012,,NEXT POINT,F9,https://inventory.labarchives.com/inventory/JC3B1ODSJNH7,JC3B1ODSJNH7,,Monoclonal,QA17A04,No,Primary,Mouse,Human
"CD57,BV786",BD,624292,2025-12-16,125,µL,Surface,2018-07-12,8095712,,VIOLET,I1,https://inventory.labarchives.com/inventory/IMBWG3DXGG3Q,IMBWG3DXGG3Q,,Monoclonal,NK-1,No,Primary,Mouse,Human
"CD57,BV786",BD,624292,2025-12-16,125,µL,Surface,2020-01-31,9049856,,NOVARTIS,H1,https://inventory.labarchives.com/inventory/D92QWDD67PAE,D92QWDD67PAE,,Monoclonal,NK-1,No,Primary,Mouse,Human
"CD57,PE-Cy7",BD,25-0577-41,2025-12-08,125,µL,Surface,2020-12-20,2055157,,GREEN,J1,https://inventory.labarchives.com/inventory/G0KV3LN8QJXE,G0KV3LN8QJXE,,Monoclonal,TB01,No,Primary,Mouse,Human
"CD57,PE-Cy7",Invitrogen,25-0577-41,2025-12-08,125,µL,Surface,2020-12-20,2055157,,GREEN,J6,https://inventory.labarchives.com/inventory/5FWQH1U2FB5D,5FWQH1U2FB5D,,Monoclonal,TB01,No,Primary,Mouse,Human
"CD58,BV650",BD,742728,2025-12-16,125,µL,Surface,2019-04-30,8121740,,VIOLET,I4,https://inventory.labarchives.com/inventory/98K0FL8DYIM6,98K0FL8DYIM6,,Monoclonal,1C3,No,Primary,Mouse,Human
"CD61,BV711",BD,744383,2025-12-16,125,µL,Surface,2019-06-30,8166694,,VIOLET,J5,https://inventory.labarchives.com/inventory/NQQ89DDB9J06,NQQ89DDB9J06,,Monoclonal,VI-PL2,No,Primary,Mouse,Human
"CD62L,BUV496",BD,750589,2025-11-04,125,µL,Surface,2023-07-31,2187960,"Found in microcent. tube, little label information",KINETIC RIVER,A3,https://inventory.labarchives.com/inventory/LV6QACKQML0Q,LV6QACKQML0Q,,Monoclonal,SK11,No,Primary,Mouse,Human
"CD64,APC",BD,561189,2025-12-16,125,µL,Surface,2020-05-31,8043552,,NOVARTIS,D5,https://inventory.labarchives.com/inventory/K35HA4JNTZWF,K35HA4JNTZWF,,Monoclonal,10.1,No,Primary,Mouse,Human
"CD64,APC-R70",BD,657701,2025-12-08,125,µL,Surface,2020-09-30,9262199,,YELLOW PI,B6,https://inventory.labarchives.com/inventory/9AOWIVTT6AIZ,9AOWIVTT6AIZ,,Monoclonal,,No,Primary,Mouse,Human
"CD64,BUV395",BD,745630,2025-12-16,125,µL,Surface,2025-08-31,4235514,,LASE,E2,https://inventory.labarchives.com/inventory/YLL37B73E6S2,YLL37B73E6S2,,Monoclonal,MD22,No,Primary,Mouse,Human
"CD64,BUV395",BD,745630,2025-12-23,125,µL,Surface,2025-05-31,4144897,,AML Panel,E2,https://inventory.labarchives.com/inventory/5B1WWH8ZGHN5,5B1WWH8ZGHN5,,Monoclonal,MD22,No,Primary,Mouse,Human
"CD66b,PCP-Cy5.5",BD,562254,2025-12-08,125,µL,Surface,2019-03-31,7125689,,BLUE,A3,https://inventory.labarchives.com/inventory/SNSF08ZYWFLD,SNSF08ZYWFLD,,Monoclonal,G10F5,No,Primary,Mouse,Human
"CD66b,PCP-Cy5.5",BD,562254,2025-12-08,125,µL,Surface,2019-09-30,7326778,,BLUE,G2,https://inventory.labarchives.com/inventory/UTWW3QA5TTFC,UTWW3QA5TTFC,,Monoclonal,G10F5,No,Primary,Mouse,Human
"CD66b,PCP-Cy5.5",BD,562254,2025-12-08,125,µL,Surface,2019-09-30,7326778,,BLUE,I2,https://inventory.labarchives.com/inventory/G05CRD5YCCVW,G05CRD5YCCVW,,Monoclonal,G10F5,No,Primary,Mouse,Human
"CD66b,PCP-Cy5.5",BD,562254,2025-12-08,125,µL,Surface,2019-09-30,7326778,,BLUE,I3,https://inventory.labarchives.com/inventory/VECJX13SURDY,VECJX13SURDY,,Monoclonal,G10F5,No,Primary,Mouse,Human
"CD66b,PErCP-Cy5.5",BD,562254,2025-12-08,125,µL,Surface,2019-09-30,8249604,,BLUE,J1,https://inventory.labarchives.com/inventory/ATMXQCTXOR79,ATMXQCTXOR79,,Monoclonal,G10F5,No,Primary,Mouse,Human
"CD66b,PErCP-Cy5.5",BD,562254,2025-12-08,125,µL,Surface,2019-09-30,8249604,,BLUE,J2,https://inventory.labarchives.com/inventory/7BEQLBFIRQS8,7BEQLBFIRQS8,,Monoclonal,G10F5,No,Primary,Mouse,Human
"CD68,PE-CF594",BD,564944,2025-12-16,125,µL,Surface,2020-06-30,8221784,,NOVARTIS,F3,https://inventory.labarchives.com/inventory/UUOITOUFT95U,UUOITOUFT95U,,Monoclonal,Y1/82A,No,Primary,Mouse,Human
"CD68,PE-CF594",BD,564944,2025-12-08,125,µL,Surface,2020-06-30,8221784,,GREEN,I3,https://inventory.labarchives.com/inventory/LCRZTB2E18AE,LCRZTB2E18AE,,Monoclonal,Y1/82A,No,Primary,Mouse,Human
"CD69,BV421",BD,562884,2025-12-18,125,µL,,2019-07-31,7040967,,VIOLET,J7,https://inventory.labarchives.com/inventory/PLU50DFJXCY0,PLU50DFJXCY0,,Monoclonal,FN50,No,Primary,Mouse,Human
"CD69,BV711",BD,563836,2025-12-16,125,µL,Surface,2021-04-30,7198687,Moved from unassigned,VIOLET,A2,https://inventory.labarchives.com/inventory/R1IRF98YZTK2,R1IRF98YZTK2,,Monoclonal,FN50,No,Primary,Mouse,Human
"CD69,BV750",BD,624380,2025-12-16,125,µL,Surface,2019-06-28,8291593,,NOVARTIS,B4,https://inventory.labarchives.com/inventory/983OIGP4HNI8,983OIGP4HNI8,,Monoclonal,FN50,No,Primary,Mouse,Human
"CD69,BV750",BD,747522,2025-12-08,125,µL,Surface,2020-06-30,9157850,,VIOLET 3,I1,https://inventory.labarchives.com/inventory/DXHQKCM4PT2U,DXHQKCM4PT2U,,Monoclonal,FN50,No,Primary,Mouse,Human
"CD69,BV750",BD,747522,2025-12-08,125,µL,Surface,2020-06-30,9157848,,VIOLET 3,I2,https://inventory.labarchives.com/inventory/4GYAVJGTL6RD,4GYAVJGTL6RD,,Monoclonal,FN50,No,Primary,Mouse,Human
"CD69,SB780",Invitrogen,78-0699-42,2025-10-28,125,µL,Surface,2029-07-10,3067588,,NEXT POINT,F4,https://inventory.labarchives.com/inventory/H2D92PJEMSIH,H2D92PJEMSIH,,Monoclonal,FN50,No,Primary,,Human
"CD7,BV650",BD,740565,2025-11-11,125,µL,Surface,2023-10-31,2285520,,AML Panel,J4,https://inventory.labarchives.com/inventory/4M61JEQ7KOW7,4M61JEQ7KOW7,,Monoclonal,M-T701,No,Primary,Mouse,Human
"CD7,PE-CF594",BD,562541,2025-12-08,125,µL,Surface,2020-07-31,8233816,,GREEN,G3,https://inventory.labarchives.com/inventory/GJS50M9JVZC9,GJS50M9JVZC9,,Monoclonal,M-T701,No,Primary,Mouse,Human
"CD7,PE-CF594",BD,562541,2025-11-11,125,µL,Surface,2020-07-31,8233816,,AML Panel,G1,https://inventory.labarchives.com/inventory/97GRR5SNMEZE,97GRR5SNMEZE,,Monoclonal,M-T701,No,Primary,Mouse,Human
"CD71,AF700",BD,563769,2025-12-08,158,µL,Surface,2022-01-31,8255665,,RED,G2,https://inventory.labarchives.com/inventory/AMBL5KGY1BXH,AMBL5KGY1BXH,,Monoclonal,M-A712,No,Primary,Mouse,Human
"CD71,APC-R700",BD,624348,2025-12-08,136,µL,Surface,2019-04-25,8095724,,RED,D3,https://inventory.labarchives.com/inventory/Q3812QAF5FGW,Q3812QAF5FGW,,Monoclonal,M-A712,No,Primary,Mouse,Human
"CD71,BUV805",BD,824287,2025-12-16,125,µL,Surface,2019-07-20,8295644,,UV,B5,https://inventory.labarchives.com/inventory/R63G8CXS4R9Z,R63G8CXS4R9Z,,Monoclonal,L01.1,No,Primary,Mouse,Human
"CD71,BUV805",BD,824287,2025-12-16,125,µL,Surface,2019-01-31,8047801,,UV,D3,https://inventory.labarchives.com/inventory/VVASMDUK7ZK1,VVASMDUK7ZK1,,Monoclonal,L01.1,No,Primary,Mouse,Human
"CD71,BV480",BD,746661,2025-12-23,125,µL,,2026-12-31,5349946,,MISC 2,A6,https://inventory.labarchives.com/inventory/AY72PX1PVV9G,AY72PX1PVV9G,,Monoclonal,M-A712,No,Primary,Mouse,Human
"CD71,BV480",BD,746661,2025-11-11,125,µL,Surface,2023-10-31,2285523,,AML Panel,G3,https://inventory.labarchives.com/inventory/Y1VPLYJXC99T,Y1VPLYJXC99T,,Monoclonal,M-A712,No,Primary,Mouse,Human
"CD71,BV480",BD,746661,2025-11-11,125,µL,Surface,2025-05-31,4144905,,AML Panel,J2,https://inventory.labarchives.com/inventory/TMC1U1ELAM3N,TMC1U1ELAM3N,,Monoclonal,M-A712,No,Primary,Mouse,Human
"CD71,BV711",BD,563767,2025-12-09,125,µL,Surface,2019-04-30,8039974,,Violet 2,B2,https://inventory.labarchives.com/inventory/XY3SMYUP486K,XY3SMYUP486K,,Monoclonal,M-A712,No,Primary,Mouse,Human
"CD71,PE-Cy7",BD,624351,2025-12-08,125,µL,Surface,2019-05-01,8103608,,GREEN,E2,https://inventory.labarchives.com/inventory/GFWLFKCN5W2M,GFWLFKCN5W2M,,Monoclonal,M-A712,No,Primary,Mouse,Human
"CD73,Biotin",BioLegend,344017,2026-03-31,125,µL,,2032-04-01,B458510,,Sony,A9,https://inventory.labarchives.com/inventory/OJJGPRRRNCY1,OJJGPRRRNCY1,,Monoclonal,AD2,No,Primary,Mouse,Human
"CD73,BUV805",BD,624287,2025-12-16,125,µL,Surface,2019-01-31,8047802,,UV,F2,https://inventory.labarchives.com/inventory/CCOTCBGJUOQG,CCOTCBGJUOQG,,Monoclonal,AD2,No,Primary,Mouse,Human
"CD73,BUV805",BD,624287,2025-12-16,125,µL,Surface,2019-11-09,8295657,,UV,H5,https://inventory.labarchives.com/inventory/V6Y319L4ZP3B,V6Y319L4ZP3B,,Monoclonal,AD2,No,Primary,Mouse,Human
"CD73,BV750",BD,624380,2025-12-16,125,µL,Surface,2019-02-22,8047803,,VIOLET,F2,https://inventory.labarchives.com/inventory/EQBZNU8GYY4G,EQBZNU8GYY4G,,Monoclonal,AD2,No,Primary,Mouse,Human
"CD74,BV605",BD,743733,2025-12-16,125,µL,Surface,2019-04-30,8101743,,VIOLET,J4,https://inventory.labarchives.com/inventory/KCGKCDC0ZPN9,KCGKCDC0ZPN9,,Monoclonal,LN2,No,Primary,Mouse,Human
"CD8,APC",BD,555369,2025-12-09,125,µL,Surface,2020-01-31,7088528,,PI AB,A3,https://inventory.labarchives.com/inventory/3VA5I88RAXOL,3VA5I88RAXOL,,Monoclonal,,No,Primary,Mouse,Human
"CD8,APC-H7",BD,641400,2025-12-08,125,µL,Intracellular,2019-01-31,8121777,,MISC 3,C2,https://inventory.labarchives.com/inventory/C6WB51T6JDTJ,C6WB51T6JDTJ,,Monoclonal,SK1,No,Primary,Mouse,Human
"CD8,APC-R700",BD,565165,2025-12-16,125,µL,Surface,2018-10-31,7268576,,ALKA 1,C3,https://inventory.labarchives.com/inventory/FDAFWU7HUKQG,FDAFWU7HUKQG,,Monoclonal,RPA-T8,No,Primary,Mouse,Human
"CD8,APC-R700",BD,565166,2025-12-08,132,µL,Surface,2019-07-31,8036982,,RED,C5,https://inventory.labarchives.com/inventory/3QJ4JH15TD7H,3QJ4JH15TD7H,,Monoclonal,RPA-T8,No,Primary,Mouse,Human
"CD8,APC-R700",BD,656165,2025-12-08,165,µL,Surface,2020-04-30,8318767,,RED,H4,https://inventory.labarchives.com/inventory/70OGBNX9SH20,70OGBNX9SH20,,Monoclonal,RPA-T8,No,Primary,Mouse,Human
"CD8,BUV661",BD,624285,2025-12-16,125,µL,Surface,2019-04-25,8095733,,UV,I1,https://inventory.labarchives.com/inventory/NOWS00OF4IUD,NOWS00OF4IUD,,Monoclonal,RPA-T8,No,Primary,Mouse,Human
"CD8,BUV661",BD,624285,2025-12-16,125,µL,Surface,2019-11-09,8291597,,NOVARTIS,H7,https://inventory.labarchives.com/inventory/G7F6RT3HQKTX,G7F6RT3HQKTX,,Monoclonal,RPA-T8,No,Primary,Mouse,Human
"CD8,BUV737",BD,612755,2025-12-16,125,µL,Surface,2023-04-30,1125203,,DAVE'S ABs,C4,https://inventory.labarchives.com/inventory/0B7YRT95PJKI,0B7YRT95PJKI,,Monoclonal,SK1,No,Primary,Mouse,Human
"CD8,BUV737",BD,612755,2025-12-08,125,µL,Surface,2021-05-31,9164574,,David Woods' Innate,B3,https://inventory.labarchives.com/inventory/38ER5AJIGDBA,38ER5AJIGDBA,,Monoclonal,SK1,No,Primary,Mouse,Human
"CD8,BUV805",BD,612889,2025-12-16,125,µL,Surface,2022-06-30,1040596,,LASE,A7,https://inventory.labarchives.com/inventory/OX1UQIKFFZGY,OX1UQIKFFZGY,,Monoclonal,SK1,No,Primary,Mouse,Human
"CD8,BUV805",BD,564912,2025-12-16,125,µL,Surface,2022-06-30,8220751,,UV 2,C2,https://inventory.labarchives.com/inventory/K80LNGSCJM3Q,K80LNGSCJM3Q,,Monoclonal,SK1,No,Primary,Mouse,Human
"CD8,BUV805",BD,564912,2025-12-16,125,µL,Surface,2021-09-30,8127840,,UV,J5,https://inventory.labarchives.com/inventory/R8V7NWFYCQLR,R8V7NWFYCQLR,,Monoclonal,SK1,No,Primary,Mouse,Human
"CD8,BUV805",BD,564912,2025-12-16,125,µL,Surface,2021-09-30,8127840,,UV,J6,https://inventory.labarchives.com/inventory/Y531B8LRGCWJ,Y531B8LRGCWJ,,Monoclonal,SK1,No,Primary,Mouse,Human
"CD8,BUV805",BD,564912,2025-12-16,125,µL,Surface,2021-09-30,8127840,,UV,A2,https://inventory.labarchives.com/inventory/N802QSJRP2GN,N802QSJRP2GN,,Monoclonal,SK1,No,Primary,Mouse,Human
"CD8,BUV805",BD,564912,2025-12-16,125,µL,Surface,2015-12-31,4246773,,UV,D4,https://inventory.labarchives.com/inventory/9JIXKIAR440A,9JIXKIAR440A,,Monoclonal,SK1,No,Primary,Mouse,Human
"CD8,BUV805",BD,612889,2025-12-16,125,µL,Surface,2020-11-30,9143554,,ALKA 1,D1,https://inventory.labarchives.com/inventory/7663YAIZKHY1,7663YAIZKHY1,,Monoclonal,SK1,No,Primary,Mouse,Human
"CD8,BUV805",BD,612889,2025-12-08,125,µL,Surface,2022-06-30,1040596,,ROSS S,A1,https://inventory.labarchives.com/inventory/KVZR0L3HIFC5,KVZR0L3HIFC5,,Monoclonal,SK1,No,Primary,Mouse,Human
"CD8,BUV805",BD,564912,2025-12-08,129,µL,Surface,2022-06-30,8220751,,MISC 5,C1,https://inventory.labarchives.com/inventory/VCV726GJ7U68,VCV726GJ7U68,,Monoclonal,SK1,No,Primary,Mouse,Human
"CD8,BUV805",BD,612889,2025-10-28,125,µL,Surface,2022-06-30,1040596,,NEXT POINT,E4,https://inventory.labarchives.com/inventory/03FFOH5FJG1H,03FFOH5FJG1H,,Monoclonal,SK1,No,Primary,Mouse,Human
"CD8,BV605",BD,564116,2025-12-09,125,µL,Surface,2018-09-30,5344947,,NYU 1,J2,https://inventory.labarchives.com/inventory/EE2Z5BY1357V,EE2Z5BY1357V,,Monoclonal,SK1,No,Primary,Mouse,Human
"CD8,BV605",BD,564116,2025-12-09,125,µL,Surface,2020-02-29,7124617,,NYU 1,J3,https://inventory.labarchives.com/inventory/09RL6L99PKIF,09RL6L99PKIF,,Monoclonal,SK1,No,Primary,Mouse,Human
"CD8,BV605",BD,564116,2025-12-09,125,µL,Surface,2020-02-29,7124617,,NYU 1,J4,https://inventory.labarchives.com/inventory/R7LQ41469H8J,R7LQ41469H8J,,Monoclonal,SK1,No,Primary,Mouse,Human
"CD8,RY775",BD,571762,2025-12-16,125,µL,Surface,2026-07-31,5052348,,LASE,F6,https://inventory.labarchives.com/inventory/A4VCKF1K2LCX,A4VCKF1K2LCX,,Monoclonal,SK1,No,Primary,Mouse,Human
"CD8,VG",Miltenyi,130-115-297,2025-12-16,125,µL,Surface,2026-05-15,5241103839,,LASE,D6,https://inventory.labarchives.com/inventory/6NOOENGOZ7E3,6NOOENGOZ7E3,,Monoclonal,REAL100,No,Primary,,Human
"CD80,APC-Cy7",BD,624355,2025-12-08,125,µL,Surface,2019-02-22,8047826,,RED,B5,https://inventory.labarchives.com/inventory/7LPM5V8X752H,7LPM5V8X752H,,Monoclonal,L307.4,No,Primary,Mouse,Human
"CD80,APC-H7",BD,561134,2025-12-08,125,µL,Surface,2019-03-31,7201899,,RED,B3,https://inventory.labarchives.com/inventory/OYJA997R1RM0,OYJA997R1RM0,,Monoclonal,L307.4,No,Primary,Mouse,Human
"CD80,APC-H7",BD,561134,2025-12-08,153,µL,Surface,2023-03-31,8145962,,RED,F3,https://inventory.labarchives.com/inventory/BSEXR7QVTTR9,BSEXR7QVTTR9,,Monoclonal,L307.4,No,Primary,Mouse,Human
"CD80,APC-H7",BD,561134,2025-12-08,154,µL,Surface,2023-03-31,8145962,,RED,F4,https://inventory.labarchives.com/inventory/DQRANYHM101V,DQRANYHM101V,,Monoclonal,L307.4,No,Primary,Mouse,Human
"CD80,APC-H7",BD,561134,2025-12-08,159,µL,Surface,2023-03-31,8145962,,RED,G3,https://inventory.labarchives.com/inventory/SXX6NW84B4DQ,SXX6NW84B4DQ,,Monoclonal,L307.4,No,Primary,Mouse,Human
"CD80,APC-H7",BD,561134,2025-12-08,171,µL,Surface,2023-03-31,8145962,,RED,I2,https://inventory.labarchives.com/inventory/BLU7SW74N392,BLU7SW74N392,,Monoclonal,L307.4,No,Primary,Mouse,Human
"CD80,APC-H7",BD,561134,2025-12-08,172,µL,Surface,2023-03-31,8145962,,RED,I3,https://inventory.labarchives.com/inventory/EPSNIBYYDF19,EPSNIBYYDF19,,Monoclonal,L307.4,No,Primary,Mouse,Human
"CD80,APC-H7",BD,561134,2025-12-08,178,µL,Surface,2023-03-31,8145962,,RED,J5,https://inventory.labarchives.com/inventory/XQQB07LS4QVU,XQQB07LS4QVU,,Monoclonal,L307.4,No,Primary,Mouse,Human
"CD80,APC-H7",BD,561134,2025-12-08,179,µL,Surface,2023-03-31,8145962,,RED,J6,https://inventory.labarchives.com/inventory/ADLSBAOKK69F,ADLSBAOKK69F,,Monoclonal,L307.4,No,Primary,Mouse,Human
"CD80,BUV805",BD,742046,2025-12-16,125,µL,Surface,2021-02-28,58211,,NOVARTIS,F2,https://inventory.labarchives.com/inventory/VE5ZFMDV88FO,VE5ZFMDV88FO,,Monoclonal,L307.4,No,Primary,Mouse,Human
"CD86,AF700",BD,561124,2025-12-08,141,µL,Surface,2023-04-30,8164504,,RED,D8,https://inventory.labarchives.com/inventory/FQ9790RVZBRZ,FQ9790RVZBRZ,,Monoclonal,2331 (FUN-1),No,Primary,Mouse,Human
"CD86,AF700",BD,561124,2025-12-08,150,µL,Surface,2023-04-30,8164504,,RED,E8,https://inventory.labarchives.com/inventory/E7RHHDTXDA0B,E7RHHDTXDA0B,,Monoclonal,2331 (FUN-1),No,Primary,Mouse,Human
"CD86,AF700",BD,561124,2025-12-08,151,µL,Surface,2023-04-30,8164504,,RED,F1,https://inventory.labarchives.com/inventory/MX0A7QNTRHTT,MX0A7QNTRHTT,,Monoclonal,2331 (FUN-1),No,Primary,Mouse,Human
"CD86,AF700",BD,561124,2025-12-08,152,µL,Surface,2023-04-30,8164504,,RED,F2,https://inventory.labarchives.com/inventory/O6GX3J6B6OJT,O6GX3J6B6OJT,,Monoclonal,2331 (FUN-1),No,Primary,Mouse,Human
"CD86,AF700",BD,561124,2025-12-08,168,µL,Surface,2023-04-30,8164504,,RED,H7,https://inventory.labarchives.com/inventory/YRPGDHC2FVPQ,YRPGDHC2FVPQ,,Monoclonal,2331 (FUN-1),No,Primary,Mouse,Human
"CD86,AF700",BD,561124,2025-12-08,169,µL,Surface,2023-04-30,8164504,,RED,H8,https://inventory.labarchives.com/inventory/C8XU79PE83TR,C8XU79PE83TR,,Monoclonal,2331 (FUN-1),No,Primary,Mouse,Human
"CD86,AF700",BD,561124,2025-12-08,176,µL,Surface,2023-12-31,9042778,,RED,J3,https://inventory.labarchives.com/inventory/JNOHDM1RJ4FL,JNOHDM1RJ4FL,,Monoclonal,2331 (FUN-1),No,Primary,Mouse,Human
"CD86,AF700",BD,561124,2025-12-08,177,µL,Surface,2023-12-31,9042778,,RED,J4,https://inventory.labarchives.com/inventory/T4QEXMCGNK4Z,T4QEXMCGNK4Z,,Monoclonal,2331 (FUN-1),No,Primary,Mouse,Human
"CD86,APC-R700",BD,565149,2025-12-08,125,µL,Surface,2018-11-30,7179873,,RED,A4,https://inventory.labarchives.com/inventory/XBIBWXGSCL6B,XBIBWXGSCL6B,,Monoclonal,2331 (FUN-1),No,Primary,Mouse,Human
"CD86,BV650",BD,747528,2025-12-16,125,µL,Surface,2021-02-28,58266,,NOVARTIS,E3,https://inventory.labarchives.com/inventory/MTIPK5AD1QUV,MTIPK5AD1QUV,,Monoclonal,BU63,No,Primary,Mouse,Human
"CD89,BV711",BD,744378,2025-12-16,125,µL,Surface,2019-04-30,8101753,,VIOLET,G6,https://inventory.labarchives.com/inventory/MD1RZPF5NN4T,MD1RZPF5NN4T,,Monoclonal,A59,No,Primary,Mouse,Human
"CD8a,BUV563",Invitrogen,365008180,2025-12-16,125,µL,Surface,2026-04-30,2556949,,ALKA 1,I2,https://inventory.labarchives.com/inventory/0JDQFDMJ7989,0JDQFDMJ7989,,Monoclonal,53-6.7,No,Primary,,Mouse
"CD8a,BV605",BioLegend,301040,2025-12-16,125,µL,Surface,2023-01-30,B239987,,VIOLET,G2,https://inventory.labarchives.com/inventory/IQU8N38N22MU,IQU8N38N22MU,,Monoclonal,RPA-T8,No,Primary,Mouse,Human
"CD8a,BV605",BioLegend,301040,2025-12-09,125,µL,Surface,2023-01-30,B249324,,Violet 2,J6,https://inventory.labarchives.com/inventory/F0QIDH2216CI,F0QIDH2216CI,,Monoclonal,RPA-T8,No,Primary,,Human
"CD8a,SB600",eBioscience,63-0088-42,2025-12-16,125,µL,Surface,2019-06-30,4322878,,VIOLET,A1,https://inventory.labarchives.com/inventory/8K38UOS9JUH9,8K38UOS9JUH9,,Monoclonal,RPA-T8,No,Primary,,Human
"CD8a,SV538",BioLegend,155020,2026-03-31,125,µL,,2029-03-27,B486642,,Sony,B5,https://inventory.labarchives.com/inventory/NI9D029C707P,NI9D029C707P,,Monoclonal,QA1707,No,Primary,Mouse,Mouse
"CD9,BB660-P2",BD,624295,2025-12-08,125,µL,Surface,2019-03-31,8106701,,BLUE,F4,https://inventory.labarchives.com/inventory/ENAVPCKSSLZ4,ENAVPCKSSLZ4,,Monoclonal,M-L13,No,Primary,Mouse,Human
"CD94,R718",BD,752211,2026-03-31,125,µL,,2027-03-31,6078444,,Sony,D2,https://inventory.labarchives.com/inventory/1AQVVRDSRK0C,1AQVVRDSRK0C,,Monoclonal,HP-3D9,No,Primary,Mouse,Human
"CD95,BV480",BD,746675,2025-12-16,125,µL,Surface,2020-11-30,9318818,,NOVARTIS,A5,https://inventory.labarchives.com/inventory/R5HN8JH4WIXS,R5HN8JH4WIXS,,Monoclonal,DX2,No,Primary,Mouse,Human
"CD95,BV480",BD,746675,2025-12-08,125,µL,Surface,2019-12-31,8341868,,VIOLET 3,A2,https://inventory.labarchives.com/inventory/7U1FPU36TS21,7U1FPU36TS21,,Monoclonal,DX2,No,Primary,Mouse,Human
"CD95,BV480",BD,746675,2025-12-08,125,µL,Surface,2020-06-30,9157873,,VIOLET 3,D1,https://inventory.labarchives.com/inventory/DBX2BQD9CF90,DBX2BQD9CF90,,Monoclonal,DX2,No,Primary,Mouse,Human
"CD95,BV480",BD,746675,2025-12-08,125,µL,Surface,2020-06-30,9157877,,VIOLET 3,D2,https://inventory.labarchives.com/inventory/EDQBJB1I8H6O,EDQBJB1I8H6O,,Monoclonal,DX2,No,Primary,Mouse,Human
"CD95,BV510",BioLegend,305640,2025-12-16,125,µL,Surface,2023-01-30,B227600,,ALKA 1,E6,https://inventory.labarchives.com/inventory/XB2LXXJDT5Q4,XB2LXXJDT5Q4,,Monoclonal,DX2,No,Primary,,Human
"CD95,BV510",BioLegend,305640,2025-11-11,125,µL,Surface,2026-11-11,B227600,,Voltage Walk,B4,https://inventory.labarchives.com/inventory/L4W07HMWBX7W,L4W07HMWBX7W,,Monoclonal,DX2,No,Primary,Mouse,Human
"CD95,PE",BioLegend,305608,2026-03-31,125,µL,,2028-07-31,B483282,,Sony,A2,https://inventory.labarchives.com/inventory/H6SSU4MUSQE8,H6SSU4MUSQE8,,Monoclonal,DX2,No,Primary,Mouse,Human
"CD95,PE",BD,555674,2025-12-08,125,µL,Surface,2024-09-30,8332708,,YELLOW PI,A2,https://inventory.labarchives.com/inventory/3ZHYACTI9KT5,3ZHYACTI9KT5,,Monoclonal,,No,Primary,Mouse,Human
"CD98,BV750",BD,624380,2025-12-16,125,µL,Surface,2019-05-01,8106699,,VIOLET,G5,https://inventory.labarchives.com/inventory/2WTTRE4YS41P,2WTTRE4YS41P,,Monoclonal,UM7F8,No,Primary,Mouse,Human
"CD99,BB700",BD,745826,2025-11-11,125,µL,Surface,2019-04-30,8101757,,Voltage Walk,D1,https://inventory.labarchives.com/inventory/N3JUINQ95Q99,N3JUINQ95Q99,,Monoclonal,TU12,No,Primary,Mouse,Human
"CX3CR1,BV480",BD,746723,2025-12-16,125,µL,Surface,2020-07-31,9203916,,NOVARTIS,D8,https://inventory.labarchives.com/inventory/9UQG6VXBGJJN,9UQG6VXBGJJN,,Monoclonal,2A9-1,No,Primary,Rat,Human
"CX3CR1,BV480",BD,746723,2025-12-08,125,µL,Surface,2019-12-31,8341871,,VIOLET 3,C1,https://inventory.labarchives.com/inventory/KWUSYUM3G832,KWUSYUM3G832,,Monoclonal,2A9-1,No,Primary,Mouse,Human
"CX3CR1,BV480",BD,748723,2021-09-30,125,µL,Surface,2021-09-30,265197,,MISC 4,B3,https://inventory.labarchives.com/inventory/AX6BOA9B9ZQB,AX6BOA9B9ZQB,,Monoclonal,2A9-1,No,Primary,Mouse,Human
"CX3CR1,BV480",BD,748723,2021-09-30,125,µL,Surface,2021-09-30,265197,,MISC 4,B4,https://inventory.labarchives.com/inventory/MYM3TNLNG12G,MYM3TNLNG12G,,Monoclonal,2A9-1,No,Primary,Mouse,Human
"CX3CR1,BV480",BD,748723,2021-09-30,125,µL,Surface,2021-09-30,265197,,MISC 4,B5,https://inventory.labarchives.com/inventory/Q03WW8R6PQL4,Q03WW8R6PQL4,,Monoclonal,2A9-1,No,Primary,Mouse,Human
"CXCL1,BB630-P2",BD,624294,2025-12-16,125,µL,Intracellular,2023-04-08,2062799,,DAVE'S ABs,A5,https://inventory.labarchives.com/inventory/TOJPJDNWWNBP,TOJPJDNWWNBP,,Monoclonal,V40-275,No,Primary,Mouse,Human
"CXCL1,BB630-P2",BD,624294,2025-12-08,125,µL,Intracellular,2022-01-31,1007155,,David Woods' Innate,H1,https://inventory.labarchives.com/inventory/6172GS2UNRO4,6172GS2UNRO4,,Monoclonal,V40-275,No,Primary,Mouse,Human
"EMPTY-CD163,PE/Cy7",BioLegend,326514,2025-11-11,125,µL,Surface,2026-08-23,B385146,,AML Panel,F10,https://inventory.labarchives.com/inventory/PCMEALCDBSHS,PCMEALCDBSHS,,Monoclonal,RM3/1,No,Primary,Mouse,Human
"EMPTY-CD3,eF506",Invitrogen,69-0038-41,2025-10-28,125,µL,Surface,2029-09-15,2955494,,NEXT POINT,E3,https://inventory.labarchives.com/inventory/AYN3PJRVVH43,AYN3PJRVVH43,,Monoclonal,UCHT1,No,Primary,,Human
"EMPTY-CD41,BV421",BioLegend,303729,2027-03-28,125,µL,Surface,2027-03-28,B432795,,MISC 4,E4,https://inventory.labarchives.com/inventory/R2X0DY62P5D4,R2X0DY62P5D4,,Monoclonal,HIP8,No,Primary,Mouse,Human
"EOMES,PE-Cy7",Invitrogen,25-4877-42,2025-12-08,125,µL,Intracellular,2020-08-24,1923396,,GREEN,B7,https://inventory.labarchives.com/inventory/N550LJR8LDYC,N550LJR8LDYC,,Monoclonal,WD1928,No,Primary,Mouse,Human
"EOMES,PE-Cy7",Invitrogen,25-4877-42,2025-12-08,125,µL,Intracellular,2020-08-24,1943222,,GREEN,E7,https://inventory.labarchives.com/inventory/T0RENP16BNOE,T0RENP16BNOE,,Monoclonal,WD1928,No,Primary,Mouse,Human
"EOMES,PE-Cy7",Invitrogen,25-4877-42,2025-12-08,125,µL,Intracellular,2021-07-17,1993633,,GREEN,H5,https://inventory.labarchives.com/inventory/VZYFANP50XDY,VZYFANP50XDY,,Monoclonal,WD1928,No,Primary,Mouse,Human
"FOXP3,AF488",BD,560887,2025-12-16,125,µL,Intracellular,2026-08-31,1313026,,DAVE'S ABs,B6,https://inventory.labarchives.com/inventory/AU545CQT7WLQ,AU545CQT7WLQ,,Monoclonal,259D/C7,No,Primary,Mouse,Human
"FOXP3,AF488",BioLegend,320211,2025-12-16,125,µL,Intracellular,2026-09-23,B358133,,ALKA 1,J6,https://inventory.labarchives.com/inventory/BJG2E00MOEPT,BJG2E00MOEPT,,Monoclonal,320211,No,Primary,Mouse,Human
"FoxP3,AF488",BD,560887,2025-12-08,125,µL,Intracellular,2024-05-31,9280337,,David Woods' Abs,A1,https://inventory.labarchives.com/inventory/PGFKL295TFTZ,PGFKL295TFTZ,,Monoclonal,259D/C7,No,Primary,Mouse,Human
"FOXP3,AF647",BioLegend,320213,2015-10-25,125,µL,Intracellular,2024-10-24,B353134,,ALKA 2,C8,https://inventory.labarchives.com/inventory/3CD2FG6G3SNU,3CD2FG6G3SNU,,Monoclonal,G9,No,Primary,Mouse,Mouse
"FOXP3,BV421",BD,624288,2026-01-15,125,µL,,2019-02-22,8047807,,Unassigned,A5,https://inventory.labarchives.com/inventory/XMWJM3K7OWMW,XMWJM3K7OWMW,,Monoclonal,259D/C7,,Primary,Mouse,Human
"FoxP3,BV421",BD,624288,2025-12-16,125,µL,Intracellular,2019-02-22,8047807,Moved from unassigned,VIOLET,E4,https://inventory.labarchives.com/inventory/SB30BLEHSR76,SB30BLEHSR76,,Monoclonal,259D/C7,No,Primary,Mouse,Human
"FOXP3,BV421",BioLegend,320124,2025-12-09,125,µL,Intracellular,2023-01-30,B275762,Moved from unassigned,Violet 2,B6,https://inventory.labarchives.com/inventory/UR8LA3SOJK1A,UR8LA3SOJK1A,,Monoclonal,206D,No,Primary,,
"FoxP3,BV421",BD,624288,2025-12-09,125,µL,Intracellular,2019-11-09,8295660,Moved from unassigned,Violet 2,I1,https://inventory.labarchives.com/inventory/19Q8I0UO21NC,19Q8I0UO21NC,,Monoclonal,259D/C7,No,Primary,Mouse,Human
"FoxP3,BV711",BD,624291,2025-12-16,125,µL,Intracellular,2019-02-22,8047809,Moved from unassigned,VIOLET,F4,https://inventory.labarchives.com/inventory/U7BRB0SKP303,U7BRB0SKP303,,Monoclonal,259D/C7,No,Primary,Mouse,Human
"FoxP3,BV711",BD,624291,2025-12-16,125,µL,Intracellular,2019-11-09,8291563,,ALKA 1,F3,https://inventory.labarchives.com/inventory/1FKBJ2BAGUI1,1FKBJ2BAGUI1,,Monoclonal,259D/C7,No,Primary,Mouse,Human
"FoxP3,PE",BD,560852,2025-12-09,125,µL,Intracellular,2019-10-31,5327811,,NYU 1,J5,https://inventory.labarchives.com/inventory/ESM2WYZDN86X,ESM2WYZDN86X,,Monoclonal,236A/E7,No,Primary,Mouse,Human
"FoxP3,PE",BD,560852,2025-12-09,125,µL,Intracellular,2019-10-31,6308858,,NYU 1,J6,https://inventory.labarchives.com/inventory/NCC0PYJGO0E1,NCC0PYJGO0E1,,Monoclonal,236A/E7,No,Primary,Mouse,Human
"FOXP3,PE",Invitrogen,12-4776-41,2025-10-28,125,µL,Intracellular,2027-01-23,2970942,,NEXT POINT,I1,https://inventory.labarchives.com/inventory/UXBIK2GD8WVW,UXBIK2GD8WVW,,Monoclonal,PCH101,No,Primary,,Human
"Foxp3,PE-Cy5.5",Invitrogen,35-4776-42,2025-12-08,125,µL,Intracellular,2020-04-30,4338638,,GREEN,C3,https://inventory.labarchives.com/inventory/W6SCQMOWGLSW,W6SCQMOWGLSW,,Monoclonal,PCH101,No,Primary,Mouse,Human
"Foxp3,PE-CY5.5",Invitrogen,35-4776-42,2025-11-11,125,µL,Intracellular,2020-04-30,4338638,,Voltage Walk,D6,https://inventory.labarchives.com/inventory/IAZ2KU6ODG1W,IAZ2KU6ODG1W,,Monoclonal,PCH101,No,Primary,,Human
"FoxP3,R718",BD,566935,2025-12-08,125,µL,Intracellular,2022-10-31,1134153,,ROSS IC,A1,https://inventory.labarchives.com/inventory/5BPH1NW78H99,5BPH1NW78H99,,Monoclonal,259D/C7,No,Primary,Mouse,Human
"FoxP3,R718",BD,566935,2025-12-08,125,µL,Intracellular,2022-10-31,1134153,,ROSS IC,A2,https://inventory.labarchives.com/inventory/RCIF81WE7E7K,RCIF81WE7E7K,,Monoclonal,259D/C7,No,Primary,Mouse,Human
"FoxP3,R718",BD,566935,2025-12-08,125,µL,Intracellular,2022-10-31,1134153,,ROSS IC,A3,https://inventory.labarchives.com/inventory/3O8JKDKOIWZS,3O8JKDKOIWZS,,Monoclonal,259D/C7,No,Primary,Mouse,Human
"FoxP3,R718",BD,566935,2025-12-08,125,µL,Intracellular,2022-10-31,1134153,,ROSS IC,A4,https://inventory.labarchives.com/inventory/ZNKJK5P693LH,ZNKJK5P693LH,,Monoclonal,259D/C7,No,Primary,Mouse,Human
"FoxP3,R718",BD,566935,2025-12-08,125,µL,Intracellular,2022-10-31,1134153,,ROSS IC,A5,https://inventory.labarchives.com/inventory/4TWEXQ3DLQNL,4TWEXQ3DLQNL,,Monoclonal,259D/C7,No,Primary,Mouse,Human
"FoxP3,R718",BD,566935,2025-12-08,125,µL,Intracellular,2022-10-31,1134153,,ROSS IC,A6,https://inventory.labarchives.com/inventory/D9K6P0DSV5OD,D9K6P0DSV5OD,,Monoclonal,259D/C7,No,Primary,Mouse,Human
"FoxP3,R718",BD,566935,2025-12-08,125,µL,Intracellular,2022-10-31,1134153,,ROSS IC,A7,https://inventory.labarchives.com/inventory/1WHX31L07ODA,1WHX31L07ODA,,Monoclonal,259D/C7,No,Primary,Mouse,Human
"FoxP3,R718",BD,566935,2025-12-08,125,µL,Intracellular,2022-10-31,1134153,,ROSS IC,A8,https://inventory.labarchives.com/inventory/Q96G5PH3EID0,Q96G5PH3EID0,,Monoclonal,259D/C7,No,Primary,Mouse,Human
"Galectin-9,PE",BD,565890,2025-12-08,125,µL,Intracellular,2024-12-31,9098691,,GREEN,E6,https://inventory.labarchives.com/inventory/XFFBYED6HZ6J,XFFBYED6HZ6J,,Monoclonal,9M1-3,No,Primary,Mouse,Human
"Galectin-9,PE",BD,565890,2025-12-08,125,µL,Intracellular,2022-03-31,8113806,,GREEN,F6,https://inventory.labarchives.com/inventory/B1930LNBIJ88,B1930LNBIJ88,,Monoclonal,9M1-3,No,Primary,Mouse,Human
"Galectin-9,PE",BD,565890,2025-12-08,125,µL,Intracellular,2022-03-31,8113806,,GREEN,I4,https://inventory.labarchives.com/inventory/G48MM2HOQ8FF,G48MM2HOQ8FF,,Monoclonal,9M1-3,No,Primary,Mouse,Human
"GARP,APC",BioLegend,352506,2025-12-08,128,µL,Surface,2023-01-30,B241546,,RED,C1,https://inventory.labarchives.com/inventory/9BUSYICM08F2,9BUSYICM08F2,,Monoclonal,7B11,No,Primary,Mouse,Human
"GARP,APC",BioLegend,352506,2025-12-08,162,µL,Surface,2023-01-30,B257938,,RED,H1,https://inventory.labarchives.com/inventory/HAVMRIJ1VJEP,HAVMRIJ1VJEP,,Monoclonal,7B11,No,Primary,Mouse,Human
"GARP,BV421",BD,565969,2025-12-23,125,µL,,2030-02-28,5136019,,MISC 2,A7,https://inventory.labarchives.com/inventory/1LXJRJZ2ZFXO,1LXJRJZ2ZFXO,,Monoclonal,7B11,No,Primary,Mouse,Human
"GATA3,BUV661",BD,624285,2025-12-16,125,µL,Intracellular,2019-11-09,8291596,,UV 2,B1,https://inventory.labarchives.com/inventory/F2DCGOGUCV36,F2DCGOGUCV36,,Monoclonal,L50-823,No,Primary,Mouse,Human
"GATA3,BUV661",BD,624285,2025-12-16,125,µL,Intracellular,2019-11-09,8291664,,UV 2,B7,https://inventory.labarchives.com/inventory/ID7PVNTOJ7K8,ID7PVNTOJ7K8,,Monoclonal,L50-823,No,Primary,Mouse,Human
"GATA3,BUV661",BD,624285,2025-12-16,125,µL,Intracellular,2019-02-22,8047811,,UV,F3,https://inventory.labarchives.com/inventory/COCIW049W7UK,COCIW049W7UK,,Monoclonal,L50-823,No,Primary,Mouse,Human
"GM-CSF,BV786",BD,624292,2025-12-16,125,µL,Intracellular,2022-07-06,2063042,,DAVE'S ABs,B3,https://inventory.labarchives.com/inventory/L5VMUTJ9QA3Q,L5VMUTJ9QA3Q,,Monoclonal,BVD2-21C11,No,Primary,Rat,Human
"GM-CSF,BV786",BD,624292,2025-12-08,149,µL,Intracellular,2022-01-31,1007169,,David Woods' Abs,I5,https://inventory.labarchives.com/inventory/KTT3YM5AANNE,KTT3YM5AANNE,,Monoclonal,BVD2-21C11,No,Primary,Mouse,Human
"GranA,BB660-P2",BD,624295,2025-12-16,125,µL,Intracellular,2023-04-08,2063043,,DAVE'S ABs,A3,https://inventory.labarchives.com/inventory/JXR2ZVSKEH2F,JXR2ZVSKEH2F,,Monoclonal,CB9,No,Primary,Mouse,Human
"GranA,BB660-P2",BD,624295,2025-12-08,141,µL,Intracellular,2022-01-31,1007139,,David Woods' Abs,B8,https://inventory.labarchives.com/inventory/HSKITOC75IQI,HSKITOC75IQI,,Monoclonal,CB9,No,Primary,Mouse,Human
"GranB,AF700",BD,561016,2025-12-16,125,µL,Intracellular,2024-11-30,1067664,,DAVE'S ABs,D2,https://inventory.labarchives.com/inventory/8I2A6D7Y66RH,8I2A6D7Y66RH,,Monoclonal,GB11,No,Primary,Mouse,Human
"GranB,AF700",BD,561016,2025-12-08,137,µL,Intracellular,2024-08-31,9346408,,David Woods' Abs,B4,https://inventory.labarchives.com/inventory/DVQBMVAUZ8K5,DVQBMVAUZ8K5,,Monoclonal,GB11,No,Primary,Mouse,Human
"GranK,AF647",BD,566655,2025-12-16,125,µL,Intracellular,2026-05-31,1204062,,DAVE'S ABs,D3,https://inventory.labarchives.com/inventory/JQSBYV3S7ZWM,JQSBYV3S7ZWM,,Monoclonal,G3H69,No,Primary,Mouse,Human
"GranK,AF647",BD,566655,2025-12-08,127,µL,Intracellular,2022-07-30,86548,,David Woods' Abs,A3,https://inventory.labarchives.com/inventory/3F4EHWQ4IBC3,3F4EHWQ4IBC3,,Monoclonal,G3H69,No,Primary,Mouse,Human
"GranM,BV605",BD,624290,2025-12-16,125,µL,Intracellular,2022-07-07,2063038,,DAVE'S ABs,A4,https://inventory.labarchives.com/inventory/JKUGG75Q5259,JKUGG75Q5259,,Monoclonal,4B2G4,No,Primary,Mouse,Human
"GranM,BV605",BD,624290,2025-12-08,133,µL,Intracellular,2022-01-31,1007149,,David Woods' Abs,A9,https://inventory.labarchives.com/inventory/LAVEFB4JN82R,LAVEFB4JN82R,,Monoclonal,4B2G4,No,Primary,Mouse,Human
"HAMSTER,BUV496",BD,624283,2025-12-16,125,µL,,2019-02-22,8047813,Armenian Hamster; Anti Helios,UV,F4,https://inventory.labarchives.com/inventory/NXU7K39CUQZJ,NXU7K39CUQZJ,,Monoclonal,22F6,No,Primary,,
"Helios,BUV496",BD,624283,2025-12-16,125,µL,Intracellular,2019-11-09,8291585,Moved from unassigned,UV 2,B8,https://inventory.labarchives.com/inventory/BJZVQXGKN3RC,BJZVQXGKN3RC,,Monoclonal,22F6,No,Primary,Mouse,Human
"HELIOS,PE",BioLegend,137206,2025-12-16,125,µL,Intracellular,2028-06-12,B404177,,ALKA 1,J3,https://inventory.labarchives.com/inventory/MYBWCPXZHRGG,MYBWCPXZHRGG,,Monoclonal,22F6,No,Primary,Human,Mouse
"HLA-DR,APC-R700",BD,565127,2025-12-16,125,µL,Surface,2024-02-29,9120725,,NOVARTIS,B3,https://inventory.labarchives.com/inventory/Y71I5AYNGC6Z,Y71I5AYNGC6Z,,Monoclonal,G46-6,No,Primary,Mouse,Human
"HLA-DR,APC-R700",BD,565127,2025-12-08,160,µL,Surface,2023-05-31,8192734,,RED,G4,https://inventory.labarchives.com/inventory/UM2BVRIUF1MU,UM2BVRIUF1MU,,Monoclonal,G46-6,No,Primary,Mouse,Human
"HLA-DR,APC-R700",BD,565127,2025-12-08,164,µL,Surface,2023-08-31,8304966,,RED,H3,https://inventory.labarchives.com/inventory/9HRTXFSZ02SE,9HRTXFSZ02SE,,Monoclonal,G46-6,No,Primary,Mouse,Human
"HLA-DR,BB790-P",BD,624296,2025-12-16,125,µL,Surface,2020-11-30,9343241,,NOVARTIS,D4,https://inventory.labarchives.com/inventory/GVYFCS6Y8ZMX,GVYFCS6Y8ZMX,,Monoclonal,G46-6,No,Primary,Mouse,Human
"HLA-DR,BV570",BioLegend,307638,2025-12-23,500,µL,SURFACE,2028-08-01,B477907,,AML Panel,G2,https://inventory.labarchives.com/inventory/8ZWVW5TBQFO9,8ZWVW5TBQFO9,,Monoclonal,L243,No,Primary,Mouse,Human
"HLA-DR,BV711",BD,563696,2025-12-16,125,µL,Surface,2023-02-28,1263377,,DAVE'S ABs,D1,https://inventory.labarchives.com/inventory/2B0G1OP0P3BG,2B0G1OP0P3BG,,Monoclonal,G46-6,No,Primary,Mouse,Human
"HLA-DR,BV711",BD,563696,2025-12-08,125,µL,Surface,2021-09-30,311090,,David Woods' Innate,A1,https://inventory.labarchives.com/inventory/BRBRSJ84H3FL,BRBRSJ84H3FL,,Monoclonal,G46-6,No,Primary,Mouse,Human
"HLA-DR,PE-Cy5",BD,562007,2025-12-08,125,µL,Surface,2021-02-10,8093572,,GREEN,D7,https://inventory.labarchives.com/inventory/XHO3UO7SXFW7,XHO3UO7SXFW7,,Monoclonal,G46-6,No,Primary,Mouse,Human
"HLA-DR,PE-Cy5",BD,555813,2015-10-25,125,µL,Surface,2021-08-31,8270934,,ALKA 2,D1,https://inventory.labarchives.com/inventory/1TS6FG203U4U,1TS6FG203U4U,,Monoclonal,,No,Primary,Mouse,Mouse
"HLA-DR,PE-Cy5.5",Life Technologies,MHLDR18,2025-12-09,125,µL,Surface,2020-04-30,1980980A,,PI AB,B2,https://inventory.labarchives.com/inventory/871VVVEH879T,871VVVEH879T,,Monoclonal,,No,Primary,,Human
"HLA-DR,PE-Cy5.5",Life Technologies,MHLDR18,2025-12-09,125,µL,Surface,2020-04-30,1980980A,,PI AB,D3,https://inventory.labarchives.com/inventory/WNYVMHGVVV6P,WNYVMHGVVV6P,,Monoclonal,,No,Primary,,Human
"HLA-DR,PE-Cy5.5",Life Technologies,MHLDR18,2025-12-09,125,µL,Surface,2019-03-30,1851681A,,NYU 2,D1,https://inventory.labarchives.com/inventory/7EM7X7BYV2OF,7EM7X7BYV2OF,,Monoclonal,,No,Primary,,Human
"HLA-DR,PE-Cy5.5",Life Technologies,MHLDR18,2025-12-09,125,µL,Surface,2019-03-30,1851681A,,NYU 2,D2,https://inventory.labarchives.com/inventory/Y46Q23CO0C2T,Y46Q23CO0C2T,,Monoclonal,,No,Primary,,Human
"HLA-DR,PE640",BioLegend,307676,2026-03-31,125,µL,,2027-10-03,B426369,,Sony,B3,https://inventory.labarchives.com/inventory/IVSD0RY24HEW,IVSD0RY24HEW,,Monoclonal,L243,No,Primary,Mouse,Human
"HLA-DR,PECY5",BD,555813,2025-12-08,125,µL,Surface,2021-11-03,8347960,,YELLOW PI,B2,https://inventory.labarchives.com/inventory/Y7K63PGIQCO7,Y7K63PGIQCO7,,Monoclonal,,No,Primary,Mouse,Human
"IDO1,BUV395",BD,624282,2025-12-16,125,µL,Intracellular,2019-11-09,8291962,,UV 2,B2,https://inventory.labarchives.com/inventory/PE7U1OG63S0X,PE7U1OG63S0X,,Monoclonal,V50-1888,No,Primary,Mouse,Human
"IFN-a(2b),AF647",BD,560088,2025-12-16,2,mL,Intracellular,2026-03-31,1125309,,DAVE'S ABs,H2,https://inventory.labarchives.com/inventory/5LK7ONTAHP0B,5LK7ONTAHP0B,,Monoclonal,7N4-1,No,Primary,Mouse,Human
"IFN-a(2b),AF647",BD,560088,2025-12-08,125,µL,Intracellular,2022-01-31,239307,,David Woods' Innate,H3,https://inventory.labarchives.com/inventory/CZ28AF9NBDDL,CZ28AF9NBDDL,,Monoclonal,7N4-1,No,Primary,Mouse,Human
"IFN-y,APC-Cy7",BD,624355,2025-12-16,125,µL,Intracellular,2023-01-13,2062824,,DAVE'S ABs,B5,https://inventory.labarchives.com/inventory/N2RBZRA91C9J,N2RBZRA91C9J,,Monoclonal,4S.B3,No,Primary,Mouse,Human
"IFN-y,APC-Cy7",BD,624355,2025-12-08,130,µL,Intracellular,2022-01-31,1007143,,David Woods' Abs,A6,https://inventory.labarchives.com/inventory/HJ85DCT04763,HJ85DCT04763,,Monoclonal,4S.B3,No,Primary,Mouse,Human
"IFN-y,BB700",BD,566394,2025-12-16,125,µL,Intracellular,2022-12-31,1228301,,ALKA 1,F5,https://inventory.labarchives.com/inventory/UP0YUJMDWA82,UP0YUJMDWA82,,Monoclonal,B27,No,Primary,Mouse,Human
"IFN-y,BB700",BD,566394,2025-12-08,125,µL,Intracellular,2032-02-28,1263706,,MISC 2,D1,https://inventory.labarchives.com/inventory/ZXVV124VXD17,ZXVV124VXD17,,Monoclonal,B27,No,Primary,Mouse,Human
"IFN-Y,BB700",BD,566394,2025-12-08,125,µL,Intracellular,2022-12-31,1228301,,ROSS IC,C1,https://inventory.labarchives.com/inventory/I7M7H3XTGCCJ,I7M7H3XTGCCJ,,Monoclonal,B27,No,Primary,Mouse,Human
"IFN-y,BUV395",BD,563563,2026-01-08,125,µL,Intracellular,2023-09-30,3122677,,ALZAMEND,I2,https://inventory.labarchives.com/inventory/TZXXBLAVMYLG,TZXXBLAVMYLG,,Monoclonal,B27,No,Primary,Mouse,Human
"IFN-y,BUV395",BD,563563,2026-01-08,125,µL,Intracellular,2025-07-31,3122677,,ALZAMEND,I3,https://inventory.labarchives.com/inventory/X57XFZR9W3W2,X57XFZR9W3W2,,Monoclonal,B27,No,Primary,Mouse,Human
"IFN-y,BUV395",BD,563563,2026-01-08,125,µL,Intracellular,2024-06-30,3122677,,ALZAMEND,I4,https://inventory.labarchives.com/inventory/R78YOZODUO2N,R78YOZODUO2N,,Monoclonal,B27,No,Primary,Mouse,Human
"IFN-y,BUV395",BD,563563,2026-01-08,125,µL,Intracellular,2024-06-30,3122677,,ALZAMEND,I5,https://inventory.labarchives.com/inventory/S23GQS4C27ZC,S23GQS4C27ZC,,Monoclonal,B27,No,Primary,Mouse,Human
"IFN-y,BUV395",BD,563563,2026-01-08,125,µL,Intracellular,2024-06-30,3122677,,ALZAMEND,I6,https://inventory.labarchives.com/inventory/1HN7BIYOR19K,1HN7BIYOR19K,,Monoclonal,B27,No,Primary,Mouse,Human
"IFN-y,BUV395",BD,563563,2025-12-16,125,µL,Intracellular,2023-09-30,3122677,,LASE,B3,https://inventory.labarchives.com/inventory/59XIQJS6PXQ2,59XIQJS6PXQ2,,Monoclonal,B27,No,Primary,Mouse,Human
"IFN-y,BV750",BD,566357,2025-12-08,125,µL,Intracellular,2020-09-30,9107742,,VIOLET 3,I3,https://inventory.labarchives.com/inventory/IQPW2VZUU952,IQPW2VZUU952,,Monoclonal,B27,No,Primary,Mouse,Human
"IFNGamma,APC",Invitrogen,17-7319-41,2025-11-11,125,µL,Surface,2021-06-13,1997143,,Voltage Walk,E2,https://inventory.labarchives.com/inventory/RFSM79E5IHN1,RFSM79E5IHN1,,Monoclonal,4S.B3,No,Primary,,Human
"IgD,BB515",BD,565243,2025-12-08,125,µL,Surface,2020-02-29,7209996,,BLUE,F7,https://inventory.labarchives.com/inventory/YZ872I66HSA6,YZ872I66HSA6,,Monoclonal,IA6-2,No,Primary,Mouse,Human
"IgD,BB515",BD,565243,2025-12-08,125,µL,Surface,2020-02-29,7209996,,BLUE,I4,https://inventory.labarchives.com/inventory/5K0WGY8PJ8Q6,5K0WGY8PJ8Q6,,Monoclonal,IA6-2,No,Primary,Mouse,Human
"IgD,BB630-P",BD,624294,2025-12-08,125,µL,Surface,2019-03-31,8103604,,BLUE,F2,https://inventory.labarchives.com/inventory/L251Z0OIOEVC,L251Z0OIOEVC,,Monoclonal,IA6-2,No,Primary,Mouse,Human
"IgD,BUV563",BD,741394,2026-01-08,125,µL,Surface,2024-03-31,3067319,,ALZAMEND,A1,https://inventory.labarchives.com/inventory/K23OAU7YNV3J,K23OAU7YNV3J,,Monoclonal,IA6-2,No,Primary,Mouse,Human
"IgD,BV421",BD,562518,2025-12-16,125,µL,Surface,2019-09-30,7306680,,VIOLET,H1,https://inventory.labarchives.com/inventory/QU8US8F84YXK,QU8US8F84YXK,,Monoclonal,IA6-2,No,Primary,Mouse,Human
"IgD,BV421",BD,562518,2025-12-16,125,µL,Surface,2021-04-20,170499,,NOVARTIS,F9,https://inventory.labarchives.com/inventory/TKH6GHM3BA9E,TKH6GHM3BA9E,,Monoclonal,IA6-2,No,Primary,Mouse,Human
"IgD,BV421",BD,562518,2025-12-09,125,µL,Surface,2019-09-30,7306680,,Violet 2,D4,https://inventory.labarchives.com/inventory/5L3WU5PIRI0J,5L3WU5PIRI0J,,Monoclonal,IA6-2,No,Primary,Mouse,Human
"IgD,BV421",BD,562518,2025-12-09,125,µL,Surface,2019-09-30,7306680,,Violet 2,J5,https://inventory.labarchives.com/inventory/IXICESF3WU56,IXICESF3WU56,,Monoclonal,IA6-2,No,Primary,Mouse,Human
"IgD,BV421",BD,562518,2025-01-31,125,µL,Surface,2025-01-31,170499,,MISC 4,C3,https://inventory.labarchives.com/inventory/39N630PBQ8LH,39N630PBQ8LH,,Monoclonal,IA6-2,No,Primary,Mouse,Human
"IgD,FITC",BioLegend,348206,2026-03-31,125,µL,,2030-09-18,B482521,,Sony,A5,https://inventory.labarchives.com/inventory/EKD5OFH14SEH,EKD5OFH14SEH,,Monoclonal,IA6-2,No,Primary,Mouse,Human
"IgG,BUV737",BD,564861,2025-12-16,125,µL,Surface,2020-02-28,7170929,,UV,A3,https://inventory.labarchives.com/inventory/YZPQO5WRTD8S,YZPQO5WRTD8S,,Monoclonal,G18-145,No,Primary,Mouse,Human
"IgG,BUV805",BD,742041,2025-12-16,125,µL,Surface,2020-01-31,9008785,,UV,E4,https://inventory.labarchives.com/inventory/PYEETVLSEHYU,PYEETVLSEHYU,,Monoclonal,G18-145,No,Primary,Mouse,Human
"IgG,BUV805",BD,742041,2025-12-16,125,µL,Surface,2020-01-31,9008794,,UV,F5,https://inventory.labarchives.com/inventory/6EUZFFNPDA5N,6EUZFFNPDA5N,,Monoclonal,G18-145,No,Primary,Mouse,Human
"IgG,BV711",BD,740796,2025-12-16,125,µL,Surface,2019-03-31,8089526,,VIOLET,B2,https://inventory.labarchives.com/inventory/ZC7JJRTNV122,ZC7JJRTNV122,,Monoclonal,G18-145,No,Primary,Mouse,Human
"IgG,BV711",BD,740796,2025-12-16,125,µL,Surface,2019-10-31,8296732,,NOVARTIS,G9,https://inventory.labarchives.com/inventory/QR889AOKSMF9,QR889AOKSMF9,,Monoclonal,G18-145,No,Primary,Mouse,Human
"IgG,BV711",BD,740796,2025-12-09,125,µL,Surface,2019-08-31,8213573,,Violet 2,E1,https://inventory.labarchives.com/inventory/67NUB1VXELT1,67NUB1VXELT1,,Monoclonal,G18-145,No,Primary,Mouse,Human
"IgG,BV711",BD,740796,2025-12-09,125,µL,Surface,2019-08-31,8213572,,Violet 2,E2,https://inventory.labarchives.com/inventory/MWNNQG59YU23,MWNNQG59YU23,,Monoclonal,G18-145,No,Primary,Mouse,Human
"IgG,BV711",BD,740796,2025-12-08,125,µL,Surface,2019-12-31,8341852,,VIOLET 3,A5,https://inventory.labarchives.com/inventory/WHJBXASRCBOA,WHJBXASRCBOA,,Monoclonal,G18-145,No,Primary,Mouse,Human
"IgG,BV711",BD,740796,2025-12-08,125,µL,Surface,2019-12-31,8341853,,VIOLET 3,A6,https://inventory.labarchives.com/inventory/YU9TZ5GB72BD,YU9TZ5GB72BD,,Monoclonal,G18-145,No,Primary,Mouse,Human
"IgM,BB630-P",BD,624294,2025-12-16,125,µL,Surface,2019-04-30,8291528,,NOVARTIS,G2,https://inventory.labarchives.com/inventory/D5O2H6RX6CB6,D5O2H6RX6CB6,,Monoclonal,G20-127,No,Primary,Mouse,Human
"IgM,BB630-P",BD,624294,2025-12-08,125,µL,Surface,2019-04-30,8100766,,BLUE,D2,https://inventory.labarchives.com/inventory/1VPNTJZO0L7Y,1VPNTJZO0L7Y,,Monoclonal,G20-127,No,Primary,Mouse,Human
"IgM,BB700",BD,624381,2025-12-08,125,µL,Surface,2019-05-01,8102606,,BLUE,E6,https://inventory.labarchives.com/inventory/ZBMJW756L53Y,ZBMJW756L53Y,,Monoclonal,G20-127,No,Primary,Mouse,Human
"IgM,BV570",BioLegend,314517,2025-12-09,125,µL,Surface,2023-01-30,B249580,,Violet 2,B4,https://inventory.labarchives.com/inventory/Q3WUOTXVLNDK,Q3WUOTXVLNDK,,Monoclonal,MHM-88,No,Primary,Mouse,Human
"IgM,BV570",BioLegend,314517,2025-12-09,125,µL,Surface,2023-01-30,B266509,,Violet 2,E7,https://inventory.labarchives.com/inventory/VV2NV2RGW1I4,VV2NV2RGW1I4,,Monoclonal,MHM-88,No,Primary,Mouse,Human
"IgM,BV570",BioLegend,314517,2025-12-09,125,µL,Surface,2023-01-30,B266509,,Violet 2,J2,https://inventory.labarchives.com/inventory/L4NYPFI6D7PL,L4NYPFI6D7PL,,Monoclonal,MHM-88,No,Primary,Mouse,Human
"IL-1,BBB660-P2",BD,624295,2025-12-16,125,µL,Intracellular,2022-07-07,2063044,,DAVE'S ABs,B4,https://inventory.labarchives.com/inventory/P694PSBS1R32,P694PSBS1R32,,Monoclonal,AS10,No,Primary,Mouse,Human
"IL-1,BBB660-P2",BD,624295,2025-12-08,125,µL,Intracellular,2022-01-31,1007157,,David Woods' Innate,F3,https://inventory.labarchives.com/inventory/FBLGF95C71F1,FBLGF95C71F1,,Monoclonal,AS10,No,Primary,Mouse,Human
"IL-10,BUV496",BD,624283,2025-12-16,125,µL,Intracellular,2022-07-06,2063880,,DAVE'S ABs,A10,https://inventory.labarchives.com/inventory/90C2VD2MQLWR,90C2VD2MQLWR,,Monoclonal,JES3-19F1,No,Primary,Rat,Human
"IL-10,BUV496",BD,624283,2025-12-08,125,µL,Intracellular,2022-01-31,1007175,,David Woods' Innate,H2,https://inventory.labarchives.com/inventory/BF7JY1PMT33O,BF7JY1PMT33O,,Monoclonal,BUV496,No,Primary,Mouse,Human
"IL-12,BUV661",BD,624285,2025-12-16,125,µL,Intracellular,2022-08-18,2063909,,DAVE'S ABs,B1,https://inventory.labarchives.com/inventory/CWBFLW75X3VE,CWBFLW75X3VE,,Monoclonal,C11.5,No,Primary,Mouse,Human
"IL-12,BUV661",BD,624285,2025-12-08,125,µL,Intracellular,2022-03-05,1042521,,David Woods' Innate,E1,https://inventory.labarchives.com/inventory/U59KKPFPZ8JK,U59KKPFPZ8JK,,Monoclonal,C11.5,No,Primary,Mouse,Human
"IL-13,BUV496",BD,624283,2025-12-16,125,µL,Intracellular,2019-05-01,8102561,,UV,I3,https://inventory.labarchives.com/inventory/Y6QDF65IXRLC,Y6QDF65IXRLC,,Monoclonal,JES10-5A2,No,Primary,Rat,Human
"IL-13,BV421",BD,563580,2025-12-16,125,µL,Intracellular,2023-04-30,1146086,,LASE,B7,https://inventory.labarchives.com/inventory/TMOK9POQIM4S,TMOK9POQIM4S,,Monoclonal,JES10-5A2,No,Primary,Rat,Human
"IL-13,BV421",BD,563580,2025-12-08,125,µL,Intracellular,2023-04-30,1146086,,ROSS IC,B3,https://inventory.labarchives.com/inventory/N3UP8THFPGRF,N3UP8THFPGRF,,Monoclonal,JES10-5A2,No,Primary,Mouse,Human
"IL-13,BV711",BD,564288,2025-12-16,125,µL,Intracellular,2023-03-31,1289601,,DAVE'S ABs,B7,https://inventory.labarchives.com/inventory/LUBDO4UKXHSG,LUBDO4UKXHSG,,Monoclonal,JES10-5A2,No,Primary,Rat,Human
"IL-13,BV711",BD,564288,2025-12-08,132,µL,Intracellular,2021-03-31,9346015,,David Woods' Abs,A8,https://inventory.labarchives.com/inventory/J455OTXLYSJ5,J455OTXLYSJ5,,Monoclonal,JES10-5A2,No,Primary,Mouse,Human
"IL-17A,BUV395",BD,624282,2025-12-16,125,µL,Intracellular,2019-05-01,8102552,,UV,H3,https://inventory.labarchives.com/inventory/F2CHNN0BCVIR,F2CHNN0BCVIR,,Monoclonal,N49-653,No,Primary,Mouse,Human
"IL-17a,BV421",BioLegend,512322,2023-09-27,125,µL,Intracellular,2023-09-27,B346971,,MISC 4,J2,https://inventory.labarchives.com/inventory/4EWZSGAI4KY9,4EWZSGAI4KY9,,Monoclonal,BL168,No,Primary,Mouse,Human
"IL-17A,BV510",BD,563295,2025-12-16,125,µL,Intracellular,2021-10-31,9165525,,VIOLET,I5,https://inventory.labarchives.com/inventory/FAYH7KTZWT5R,FAYH7KTZWT5R,,Monoclonal,N49-653,No,Primary,Mouse,Human
"IL-17A,BV510",BD,563295,2025-12-16,125,µL,Intracellular,2021-10-31,9165525,,ALKA 1,G1,https://inventory.labarchives.com/inventory/3MARYPPSY83G,3MARYPPSY83G,,Monoclonal,N49-653,No,Primary,Mouse,Human
"IL-17A,BV750",BD,566358,2025-12-16,125,µL,Intracellular,2023-03-31,1296928,,DAVE'S ABs,E1,https://inventory.labarchives.com/inventory/DVKKJ45MXCK1,DVKKJ45MXCK1,,Monoclonal,N49-653,No,Primary,Mouse,Human
"IL-17A,BV750",BD,566358,2025-12-08,134,µL,Intracellular,2022-02-28,279585,,David Woods' Abs,A10,https://inventory.labarchives.com/inventory/Y4IF7IOK010T,Y4IF7IOK010T,,Monoclonal,N49-653,No,Primary,Mouse,Human
"IL-17A,PE-Cy7",Invitrogen,25-7179-42,2025-12-16,125,µL,Costain,2022-05-06,2209213,,ALKA 1,F1,https://inventory.labarchives.com/inventory/FVPWEKGMWYFI,FVPWEKGMWYFI,,Monoclonal,eBio64Dec17,No,Primary,,Human
"IL-17A,PECy7",eBioscience,25-7179-42,2025-12-16,125,µL,Intracellular,2019-08-31,4312976,,LASE,B1,https://inventory.labarchives.com/inventory/RE9OHL0V3IYC,RE9OHL0V3IYC,,Monoclonal,eBio64DEC17,No,Primary,,Human
"IL-17A,PECy7",Invitrogen,25-7179-42,2025-12-08,125,µL,Intracellular,2024-04-16,2338620,,ROSS IC,D1,https://inventory.labarchives.com/inventory/K3KS8VKBA6N6,K3KS8VKBA6N6,,Monoclonal,eBio64DEC17,No,Primary,Mouse,Human
"IL-17A,PECy7",Invitrogen,25-7179-42,2025-12-08,125,µL,Intracellular,2022-05-06,2209213,,ROSS IC,E1,https://inventory.labarchives.com/inventory/HVDBERNDFNCV,HVDBERNDFNCV,,Monoclonal,eBio64DEC17,No,Primary,Mouse,Human
"IL-17A,PECy7",Invitrogen,25-7179-42,2025-12-08,125,µL,Intracellular,2022-05-06,2209213,,ROSS IC,E2,https://inventory.labarchives.com/inventory/FMHQDRKXC1AN,FMHQDRKXC1AN,,Monoclonal,eBio64DEC17,No,Primary,Mouse,Human
"IL-17F,BV786",BD,564265,2025-12-16,125,µL,Intracellular,2024-01-31,1263348,,DAVE'S ABs,C7,https://inventory.labarchives.com/inventory/HGFZA2DEHVAH,HGFZA2DEHVAH,,Monoclonal,O33-782,No,Primary,Mouse,Human
"IL-17F,BV786",BD,564265,2025-12-08,138,µL,Intracellular,2022-01-31,9220603,,David Woods' Abs,B5,https://inventory.labarchives.com/inventory/OBPTGNRDB255,OBPTGNRDB255,,Monoclonal,O33-782,No,Primary,Mouse,Human
"IL-1A,FITC",BD,340513,2025-12-16,2,mL,Intracellular,2023-09-30,1264431,,DAVE'S ABs,H1,https://inventory.labarchives.com/inventory/S6KF36L7L1AW,S6KF36L7L1AW,,Monoclonal,,No,Primary,,Human
"IL-1A,FITC",BD,340513,2025-12-08,148,µL,Intracellular,2021-06-30,9165780,,David Woods' Abs,I3,https://inventory.labarchives.com/inventory/Q9GO3ZFZGPRE,Q9GO3ZFZGPRE,,Monoclonal,,No,Primary,Mouse,Human
"IL-1A,FITC",Invitrogen,2452733,2025-12-08,125,µL,Intracellular,2025-05-26,11-7118-82,,David Woods' Innate,F5,https://inventory.labarchives.com/inventory/P048EBV3GFV8,P048EBV3GFV8,,Monoclonal,364/3B3-14,No,Primary,Mouse,Human
"IL-2,BUV661",BD,624285,2025-12-16,125,µL,Intracellular,2022-01-31,1007151,,LASE,B6,https://inventory.labarchives.com/inventory/22IJUBCI110T,22IJUBCI110T,,Monoclonal,5344.111,No,Primary,Mouse,Human
"IL-2,BUV661",BD,624285,2025-12-16,125,µL,Intracellular,2022-07-06,2063905,,DAVE'S ABs,B2,https://inventory.labarchives.com/inventory/ZGGOH9MNC27A,ZGGOH9MNC27A,,Monoclonal,5344.111,No,Primary,Mouse,Human
"IL-2,BV421",BioLegend,500328,2025-12-16,125,µL,Surface,2026-03-08,B398878,,LASE,C5,https://inventory.labarchives.com/inventory/W6UCNWC1BV4T,W6UCNWC1BV4T,,Monoclonal,MQ1-17H12,No,Primary,Rat,Human
"IL-2,FITC",BioLegend,500304,2028-07-29,125,µL,Intracellular,2028-07-29,B358604,,MISC 4,J3,https://inventory.labarchives.com/inventory/A2CDQPXR3QIY,A2CDQPXR3QIY,,Monoclonal,MQ1-17H12,No,Primary,Mouse,Human
"IL-21,BV421",BD,564755,2025-12-16,125,µL,Intracellular,2025-11-30,2018085,,DAVE'S ABs,C8,https://inventory.labarchives.com/inventory/VJVUD9DA7PS6,VJVUD9DA7PS6,,Monoclonal,3A3-N2.1,No,Primary,Mouse,Human
"IL-21,BV421",BD,564755,2025-12-08,131,µL,Intracellular,2025-04-30,141835,,David Woods' Abs,A7,https://inventory.labarchives.com/inventory/WXXHGPUL4M86,WXXHGPUL4M86,,Monoclonal,3A3-N2.1,No,Primary,Mouse,Human
"IL-21,CY5.5",BioLegend,513011,2026-01-15,125,µL,,2025-12-07,B357933,,Unassigned,A4,https://inventory.labarchives.com/inventory/J4ZLJFD0MS3Z,J4ZLJFD0MS3Z,,Monoclonal,3A3-N2,,Primary,Mouse,Human
"IL-21R,BUV737",BD,624286,2025-12-16,125,µL,Intracellular,2019-05-01,8103597,,UV,H4,https://inventory.labarchives.com/inventory/YUFC7NSG8K2H,YUFC7NSG8K2H,,Monoclonal,17A12,No,Primary,Mouse,Human
"IL-22,BUV737",Invitrogen,367-7229-41,2026-01-15,125,µL,,2026-03-31,2556577,,Unassigned,A3,https://inventory.labarchives.com/inventory/YR2C46X2N5SN,YR2C46X2N5SN,,Monoclonal,22UTRI,,,,Human
"IL-3,PE",BD,554676,2025-12-16,125,µL,Intracellular,2026-11-30,1004584,,DAVE'S ABs,D4,https://inventory.labarchives.com/inventory/BH0X5WIGB5W6,BH0X5WIGB5W6,,Monoclonal,,No,Primary,Rat,Human
"IL-3,PE",BD,554676,2025-12-08,125,µL,Intracellular,2026-02-28,86611,,David Woods' Innate,E2,https://inventory.labarchives.com/inventory/3D4HH7VTJSCR,3D4HH7VTJSCR,,Monoclonal,,No,Primary,Mouse,Human
"IL-4,APC/Cy7",BioLegend,500834,2024-06-05,125,µL,Intracellular,2024-06-05,B359855,,MISC 4,J4,https://inventory.labarchives.com/inventory/UO3J0X7G6F7U,UO3J0X7G6F7U,,Monoclonal,MP4-25D2,No,Primary,Mouse,Human
"IL-4,BV605",BioLegend,500828,2025-12-08,125,µL,Intracellular,2024-09-09,B360134,,David Woods' Innate,F1,https://inventory.labarchives.com/inventory/QKPLOT4LGPUF,QKPLOT4LGPUF,,Monoclonal,MP4-25D2,No,Primary,Mouse,Human
"IL-4,FITC",BD,554484,2025-12-16,125,µL,Intracellular,2023-01-31,7110606,,LASE,B5,https://inventory.labarchives.com/inventory/FQTHLIU8O3CG,FQTHLIU8O3CG,,Monoclonal,MP4-25D2,No,Primary,Rat,Human
"IL-4,PE-Cy7",BD,560672,2025-12-16,125,µL,Intracellular,2022-11-30,1117952,,DAVE'S ABs,C1,https://inventory.labarchives.com/inventory/V3G53MULQ59V,V3G53MULQ59V,,Monoclonal,8D4-8,No,Primary,Mouse,Human
"IL-4,PE-Cy7",BD,560672,2025-12-08,140,µL,Intracellular,2022-02-28,279830,,David Woods' Abs,B7,https://inventory.labarchives.com/inventory/HYWXQTV0BE0B,HYWXQTV0BE0B,,Monoclonal,8D4-8,No,Primary,Mouse,Human
"IL-5,BV750",BD,624380,2025-12-09,125,µL,Intracellular,2019-05-01,8103602,,Violet 2,A6,https://inventory.labarchives.com/inventory/S0JQ6XLG2A2S,S0JQ6XLG2A2S,,Monoclonal,JES1-5A10,No,Primary,Rat,Human
"IL-5,PE",BD,554489,2025-12-16,125,µL,Intracellular,2027-02-28,1116413,,DAVE'S ABs,C9,https://inventory.labarchives.com/inventory/WNQ6VE6F8K5K,WNQ6VE6F8K5K,,Monoclonal,,No,Primary,Rat,Human
"IL-5,PE",BD,554489,2025-12-08,136,µL,Intracellular,2025-01-31,9123916,,David Woods' Abs,B3,https://inventory.labarchives.com/inventory/E2XBKB309HST,E2XBKB309HST,,Monoclonal,,No,Primary,Mouse,Human
"IL-6,PE-CF594",BD,563543,2025-12-08,125,µL,Intracellular,2022-05-31,316733,,David Woods' Innate,E3,https://inventory.labarchives.com/inventory/LRAH6GOHQB8F,LRAH6GOHQB8F,,Monoclonal,MQ2-13A5,No,Primary,Mouse,Human
"IL-8,BV421",BD,563310,2025-12-16,125,µL,Intracellular,2025-02-28,314120,,DAVE'S ABs,E6,https://inventory.labarchives.com/inventory/EEU70MAFNASS,EEU70MAFNASS,,Monoclonal,G265-8,No,Primary,Mouse,Human
"IL-8,BV421",BD,563310,2025-12-08,125,µL,Intracellular,2022-03-31,9165979,,David Woods' Innate,E4,https://inventory.labarchives.com/inventory/SDUO2SZXUJ9T,SDUO2SZXUJ9T,,Monoclonal,G265-8,No,Primary,Mouse,Human
"IL-9,PCP-Cy5.5",BD,561461,2025-12-16,125,µL,Intracellular,2022-12-31,1105362,,DAVE'S ABs,B8,https://inventory.labarchives.com/inventory/X1H07W7AVPHC,X1H07W7AVPHC,,Monoclonal,MH9A3,No,Primary,Mouse,Human
"IL-9,PCP-Cy5.5",BD,561461,2025-12-08,129,µL,Intracellular,2021-03-31,9116799,,David Woods' Abs,A5,https://inventory.labarchives.com/inventory/JOQ70ATECEGS,JOQ70ATECEGS,,Monoclonal,MH9A3,No,Primary,Mouse,Human
"Ki-67,BUV395",BD,564071,2025-12-16,125,µL,Intracellular,2024-06-30,1229059,,DAVE'S ABs,D10,https://inventory.labarchives.com/inventory/I8IJEWNW2M5X,I8IJEWNW2M5X,,Monoclonal,B56,No,Primary,Mouse,Human
"Ki-67,BUV395",BD,564071,2025-12-08,135,µL,Intracellular,2022-07-31,9301843,,David Woods' Abs,B1,https://inventory.labarchives.com/inventory/V26F6S2M7CU2,V26F6S2M7CU2,,Monoclonal,B56,No,Primary,Mouse,Human
"Ki-67,BV421",BD,562899,2025-12-09,125,µL,Intracellular,2022-12-31,8061539,Moved from unassigned,Violet 2,F5,https://inventory.labarchives.com/inventory/CLHODC4PZR6H,CLHODC4PZR6H,,Monoclonal,B56,No,Primary,,
"Ki-67,PCP-Cy5.5",BD,561284,2025-12-16,125,µL,Intracellular,2023-04-30,1144376,,DAVE'S ABs,D7,https://inventory.labarchives.com/inventory/8PDVHIXRE064,8PDVHIXRE064,,Monoclonal,B56,No,Primary,Mouse,Human
"Ki-67,PCP-Cy5.5",BD,561284,2025-12-08,125,µL,Intracellular,2022-02-28,195884,,David Woods' Innate,F4,https://inventory.labarchives.com/inventory/OGHXSSIW9AM8,OGHXSSIW9AM8,,Monoclonal,B56,No,Primary,Mouse,Human
"kI-67,PE-CF594",BD,624352,2025-10-28,125,µL,Intracellular,2019-02-22,8047816,,HORIZON PANEL,G1,https://inventory.labarchives.com/inventory/UWZ0F88TOJCO,UWZ0F88TOJCO,,Monoclonal,B56,No,Primary,Mouse,Human
"KI-67,PE-CF594",BD,624352,2025-10-28,125,µL,Intracellular,2019-11-09,8291575,,NEXT POINT,I2,https://inventory.labarchives.com/inventory/UWQ20ZKKRZN4,UWQ20ZKKRZN4,,Monoclonal,B56,No,Primary,Mouse,Human
"Ki-67,PE-V615",Miltenyi Biotec,130-107-150,2025-12-09,125,µL,Intracellular,2019-06-16,5180615600,,PI AB,C4,https://inventory.labarchives.com/inventory/HWDNMWEMOS1U,HWDNMWEMOS1U,,Monoclonal,,No,Primary,,
"KLRG1,BB660-P2",BD,624295,2025-12-08,125,µL,Intracellular,2019-01-31,8291710,,BLUE,G3,https://inventory.labarchives.com/inventory/B9R9KD9MVMRC,B9R9KD9MVMRC,,Monoclonal,2F1,No,Primary,Mouse,Human
"LAP,BV570",BD,624298,2025-12-16,125,µL,Intracellular,2019-01-31,8047820,,VIOLET,F3,https://inventory.labarchives.com/inventory/0JRW3H4J6NAL,0JRW3H4J6NAL,,Monoclonal,TW4-2F8,No,Primary,Mouse,Human
"LAP,BV570",BD,624298,2025-12-09,125,µL,Intracellular,2019-01-21,8295633,Moved from unassigned,Violet 2,G6,https://inventory.labarchives.com/inventory/V1LIST4YF22F,V1LIST4YF22F,,Monoclonal,TW4-2F8,No,Primary,,
"MIP-1a,BV750",BD,624380,2025-12-08,147,µL,Intracellular,2022-04-06,1089336,,David Woods' Abs,I2,https://inventory.labarchives.com/inventory/CQ90NUA229Z7,CQ90NUA229Z7,,Monoclonal,11A3,No,Primary,Mouse,Human
"MIP-1B,APC-H7",BD,561280,2025-12-16,125,µL,Intracellular,2025-11-30,1046672,,DAVE'S ABs,B10,https://inventory.labarchives.com/inventory/K09OS7V2H1Q8,K09OS7V2H1Q8,,Monoclonal,D21-1351,No,Primary,Mouse,Human
"MIP-1B,APC-H7",BD,561280,2025-12-08,125,µL,Intracellular,2024-01-31,9136943,,David Woods' Innate,F6,https://inventory.labarchives.com/inventory/F3NHAB6PMEXH,F3NHAB6PMEXH,,Monoclonal,D21-1351,No,Primary,Mouse,Human
"MISSING!-CD16,BV711",BioLegend,312226,2025-11-11,125,µL,Surface,2026-03-22,B408056,,AML Panel,C8,https://inventory.labarchives.com/inventory/AC9UXWA3Z32R,AC9UXWA3Z32R,,Monoclonal,HI10a,No,Primary,Mouse,Human
"MISSING!-CD19,BV786",BD,563325,2026-01-08,125,µL,Surface,2024-05-31,2353498,,ALZAMEND,G3,https://inventory.labarchives.com/inventory/66HXF8L9AFXI,66HXF8L9AFXI,,Monoclonal,SJ25C1,No,Primary,Mouse,Human
"Missing!-CD197,BUV421",BD,566744,2025-10-28,125,µL,Surface,2024-11-30,3212672,,NEXT POINT,A7,https://inventory.labarchives.com/inventory/4XWO13FPSYFM,4XWO13FPSYFM,,Monoclonal,2-L1-A,No,Primary,Mouse,Human
"MISSING!-CD197,BV421",BD,566744,2015-10-25,125,µL,Surface,2024-11-30,3212672,,ALKA 2,C2,https://inventory.labarchives.com/inventory/RKOM04KLZQDN,RKOM04KLZQDN,,Monoclonal,3G8,No,Primary,Mouse,Mouse
"MISSING!-CD366,BV605",BD,345018,2025-12-18,125,µL,,2025-05-17,B373464,,Unassigned,E4,https://inventory.labarchives.com/inventory/W537RLRBVH31,W537RLRBVH31,,Monoclonal,F38-2E2,No,Primary,Mouse,Human
"MISSING!-CD57,BV605",BioLegend,393304,2025-12-18,125,µL,,2025-12-18,B339012,,Unassigned,F6,https://inventory.labarchives.com/inventory/D8CMJHU2RJUM,D8CMJHU2RJUM,,Monoclonal,QA17A04,No,Primary,Mouse,Human
"MISSING!-CD69,BV421",BD,562884,2025-12-18,125,µL,,2019-07-31,7040967,,Unassigned,E5,https://inventory.labarchives.com/inventory/0BDQN4TT1334,0BDQN4TT1334,,Monoclonal,FN50,No,Primary,Mouse,Human
"MISSING!-CD7,PE-CF594",BD,562541,2025-12-08,125,µL,Surface,2020-07-31,8233816,,GREEN,I5,https://inventory.labarchives.com/inventory/7PUQRDQTQ3AA,7PUQRDQTQ3AA,,Monoclonal,M-T701,No,Primary,Mouse,Human
"MISSING!-CD8,BUV805",BD,612889,2025-12-16,125,µL,Surface,2022-06-30,1040596,MISSING!,ALKA 1,D5,https://inventory.labarchives.com/inventory/FAKR4XDPLOGY,FAKR4XDPLOGY,,Monoclonal,SK1,No,Primary,Mouse,Human
"Missing!-EMPTY-KLRG1,R718",BD,568660,2025-10-28,125,µL,Surface,2025-10-31,4228958,,NEXT POINT,A8,https://inventory.labarchives.com/inventory/3O38LRXYDVQT,3O38LRXYDVQT,,Monoclonal,Z7-205.rMAb,No,Primary,Mouse,Human
"MISSING!-IFN-y,BB700",BD,566394,2026-01-08,125,µL,Intracellular,2032-02-28,1263706,,ALZAMEND,B1,https://inventory.labarchives.com/inventory/ROADVFDWHM3B,ROADVFDWHM3B,,Monoclonal,B27,No,Primary,,
"MISSING!-IFN-y,BB700",BD,566395,2026-01-08,125,µL,Intracellular,2019-07-31,8059684,,ALZAMEND,J1,https://inventory.labarchives.com/inventory/MFKQ7CS5F1BG,MFKQ7CS5F1BG,,Monoclonal,B27,No,Primary,Mouse,Human
"MISSING!-IL-17A,PE-Cy7",Invitrogen,25717942,2026-01-08,125,µL,,2025-12-08,2607675,,ALZAMEND,H10,https://inventory.labarchives.com/inventory/HIQ2P9J1LWYZ,HIQ2P9J1LWYZ,,Monoclonal,eBio64DEC17,No,Primary,Mouse,Human
"MISSING!-IL-6,PE-CF594",BD,563543,2025-12-16,125,µL,Intracellular,2023-01-31,1060247,MISSING!,DAVE'S ABs,B9,https://inventory.labarchives.com/inventory/PHPTMOSBGEWF,PHPTMOSBGEWF,,Monoclonal,MQ2-13A5,No,Primary,Mouse,Human
"MISSING!-TIGIT,PE",Invitrogen,12-9500-42,2015-10-25,125,µL,Surface,2021-06-11,2036631,,ALKA 2,B7,https://inventory.labarchives.com/inventory/ISB6J2I26Z4X,ISB6J2I26Z4X,,Monoclonal,EH12.1,No,Primary,Mouse,Mouse
NBlue530,Phitonix,,2025-12-08,125,µL,Surface,2021-05-31,C021319,,MISC 2,F3,https://inventory.labarchives.com/inventory/9LDT7PHEXAQP,9LDT7PHEXAQP,,Monoclonal,,No,Primary,Mouse,Human
NBlue610,Phitonix,,2025-12-08,125,µL,,2021-05-31,C021324,,MISC 2,F2,https://inventory.labarchives.com/inventory/Z1WA4COHX8YX,Z1WA4COHX8YX,,Monoclonal,,No,Primary,Mouse,Human
NBlue660,Phitonix,,2025-12-08,125,µL,,2021-05-31,C021329,,MISC 2,F1,https://inventory.labarchives.com/inventory/2YANULEDIY1I,2YANULEDIY1I,,Monoclonal,,No,Primary,Mouse,Human
NYellow570,Phitonix,,2025-12-08,125,µL,,2021-05-31,C021335,,MISC 2,F5,https://inventory.labarchives.com/inventory/8DGUKEJ8GVRQ,8DGUKEJ8GVRQ,,Monoclonal,,No,Primary,Mouse,Human
NYellow610,Phitonix,,2025-12-08,125,µL,,2021-05-31,C021341,,MISC 2,F4,https://inventory.labarchives.com/inventory/ZAO46T0SKRQU,ZAO46T0SKRQU,,Monoclonal,,No,Primary,Mouse,Human
NYellow660,Phitonix,,2025-12-08,125,µL,,2021-05-31,C021348,,MISC 2,F6,https://inventory.labarchives.com/inventory/0ZOHXWVRY38Y,0ZOHXWVRY38Y,,Monoclonal,,No,Primary,Mouse,Human
"PErf,AF647",BD,563576,2026-06-30,125,µL,Intracellular,2026-06-30,3080954,,MISC 4,D1,https://inventory.labarchives.com/inventory/LFEEH5D25GXE,LFEEH5D25GXE,,Monoclonal,oG9,No,Primary,Mouse,Human
"PErf,BB790-P",BD,624296,2015-10-25,125,µL,Intracellular,2022-12-31,2063864,,ALKA 2,C9,https://inventory.labarchives.com/inventory/T1H6746C8C9E,T1H6746C8C9E,,Monoclonal,,No,Primary,Mouse,Mouse
"PErforin,BB790-P",BD,624296,2025-12-08,126,µL,Intracellular,2021-12-09,1004724,,David Woods' Abs,A2,https://inventory.labarchives.com/inventory/ASJQJ50RPOFF,ASJQJ50RPOFF,,Monoclonal,DeltaG9,No,Primary,Mouse,Human
"pY694,RY586",BD,568146,2025-12-16,125,µL,Intracellular,2025-08-31,4271700,,LASE,F2,https://inventory.labarchives.com/inventory/QCI4BKQ1IRVH,QCI4BKQ1IRVH,,Monoclonal,47/Stat5(Py695),No,Primary,Mouse,Human
"Py694,RY586",BD,568146,2025-12-16,125,µL,Intracellular,2025-08-31,4271700,,LASE,F3,https://inventory.labarchives.com/inventory/FA25E18NLWTE,FA25E18NLWTE,,Monoclonal,47/Stat5(Py695),No,Primary,Mouse,Human
"RANTES,BV605",BD,624290,2025-12-16,125,µL,Intracellular,2022-07-06,2063039,,DAVE'S ABs,A7,https://inventory.labarchives.com/inventory/YGRUGSAX4XI9,YGRUGSAX4XI9,,Monoclonal,2D5,No,Primary,Mouse,Human
"RANTES,BV605",BD,624290,2025-12-08,146,µL,Intracellular,2022-01-31,1007160,,David Woods' Abs,I1,https://inventory.labarchives.com/inventory/LHKPGHKG1RIJ,LHKPGHKG1RIJ,,Monoclonal,2D5,No,Primary,Mouse,Human
"RatT-Cell,BUV496",BD,750767,2025-12-16,125,µL,,2021-01-31,8719,,UV 2,H1,https://inventory.labarchives.com/inventory/WJMY3HYPM20E,WJMY3HYPM20E,,Monoclonal,V65,No,Primary,Mouse,Rat
"RatT-Cell,BUV496",BD,750767,2025-12-16,125,µL,,2021-01-31,8721,,UV 2,H2,https://inventory.labarchives.com/inventory/OOX5UIU8E1XC,OOX5UIU8E1XC,,Monoclonal,V65,No,Primary,Mouse,Rat
SampleTag1-H,BD,51-9014988,2025-12-18,125,µL,,2023-03-31,1084994,,H Tags,B3,https://inventory.labarchives.com/inventory/312YCY104NZC,312YCY104NZC,,Monoclonal,,No,Primary,,
SampleTag10-H,BD,51-9015003,2025-12-18,125,µL,,2023-03-31,1084030,,H Tags,A7,https://inventory.labarchives.com/inventory/IRQ68N84UQT0,IRQ68N84UQT0,,Monoclonal,,No,Primary,,
SampleTag10-H,BD,51-9015003,2025-12-18,125,µL,,2023-03-31,1084030,,H Tags,A8,https://inventory.labarchives.com/inventory/EU5IPLG743NK,EU5IPLG743NK,,Monoclonal,,No,Primary,,
SampleTag11-H,BD,51-9015004,2025-12-18,125,µL,,2023-03-31,1084032,,H Tags,A9,https://inventory.labarchives.com/inventory/DFQPCJIBIX25,DFQPCJIBIX25,,Monoclonal,,No,Primary,,
SampleTag11-H,BD,51-9015004,2025-12-18,125,µL,,2023-03-31,1084032,,H Tags,A10,https://inventory.labarchives.com/inventory/VIGYS3S5ONAT,VIGYS3S5ONAT,,Monoclonal,,No,Primary,,
SampleTag12-H,BD,51-9015005,2025-12-18,125,µL,,2023-03-31,1084034,,H Tags,B1,https://inventory.labarchives.com/inventory/ARYXLZRE62FM,ARYXLZRE62FM,,Monoclonal,,No,Primary,,
SampleTag12-H,BD,51-9015005,2025-12-18,125,µL,,2023-03-31,1084034,,H Tags,B2,https://inventory.labarchives.com/inventory/XNDL1QNTX885,XNDL1QNTX885,,Monoclonal,,No,Primary,,
SampleTag2-H,BD,51-9014995,2025-12-18,125,µL,,2023-03-31,1084999,,H Tags,B5,https://inventory.labarchives.com/inventory/BT0SQOV66XTR,BT0SQOV66XTR,,Monoclonal,,No,Primary,,
SampleTag3-H,BD,51-9014996,2025-12-18,125,µL,,2023-03-31,1084008,,H Tags,B6,https://inventory.labarchives.com/inventory/BK26E2T03VXM,BK26E2T03VXM,,Monoclonal,,No,Primary,,
SampleTag4-H,BD,51-9014997,2025-12-18,125,µL,,2023-03-31,1084012,,H Tags,B7,https://inventory.labarchives.com/inventory/77EB54MG77R8,77EB54MG77R8,,Monoclonal,,No,Primary,,
SampleTag5-H,BD,51-9014998,2025-12-18,125,µL,,2023-03-31,1084016,,H Tags,B4,https://inventory.labarchives.com/inventory/PJK1FTVC01O7,PJK1FTVC01O7,,Monoclonal,,No,Primary,,
SampleTag5-H,BD,51-9014998,2025-12-18,125,µL,,2023-03-31,1084016,,H Tags,B8,https://inventory.labarchives.com/inventory/EKY872LTB8M1,EKY872LTB8M1,,Monoclonal,,No,Primary,,
SampleTag6-H,BD,51-9014999,2025-12-18,125,µL,,2023-03-31,1084020,,H Tags,B9,https://inventory.labarchives.com/inventory/1KIREEHS4MA5,1KIREEHS4MA5,,Monoclonal,,No,Primary,,
SampleTag6-H,BD,51-9014999,2025-12-18,125,µL,,2023-03-31,1084020,,H Tags,B10,https://inventory.labarchives.com/inventory/XNRWB1MEEWW7,XNRWB1MEEWW7,,Monoclonal,,No,Primary,,
SampleTag7-H,BD,51-9015000,2025-12-18,125,µL,,2023-03-31,1084023,,H Tags,A1,https://inventory.labarchives.com/inventory/ENCHG9XQP7CL,ENCHG9XQP7CL,,Monoclonal,,No,Primary,,
SampleTag7-H,BD,51-9015000,2025-12-18,125,µL,,2023-03-31,1084023,,H Tags,A2,https://inventory.labarchives.com/inventory/10L7CDIROXIR,10L7CDIROXIR,,Monoclonal,,No,Primary,,
SampleTag8-H,BD,51-9015001,2025-12-18,125,µL,,2023-03-31,1084027,,H Tags,A3,https://inventory.labarchives.com/inventory/LDVQGFDQULXL,LDVQGFDQULXL,,Monoclonal,,No,Primary,,
SampleTag8-H,BD,51-9015001,2025-12-18,125,µL,,2023-03-31,1084027,,H Tags,A4,https://inventory.labarchives.com/inventory/QFKLMBKUDIBL,QFKLMBKUDIBL,,Monoclonal,,No,Primary,,
SampleTag9-H,BD,51-9015002,2025-12-18,125,µL,,2023-03-31,1084028,,H Tags,A5,https://inventory.labarchives.com/inventory/BP1AVWO34ES8,BP1AVWO34ES8,,Monoclonal,,No,Primary,,
SampleTag9-H,BD,51-9015002,2025-12-18,125,µL,,2023-03-31,1084028,,H Tags,A6,https://inventory.labarchives.com/inventory/2RZ6QUU483RH,2RZ6QUU483RH,,Monoclonal,,No,Primary,,
"SAP,PE",Invitrogen,12-9787-42,2025-12-08,125,µL,Intracellular,2020-10-18,1944452,,GREEN,B5,https://inventory.labarchives.com/inventory/T886QEN9NF1G,T886QEN9NF1G,,Monoclonal,XLP-1D12,No,Primary,Mouse,Human
"SAP,PE",Invitrogen,12-9787-42,2025-12-08,125,µL,Intracellular,2020-10-18,1995436,,GREEN,H3,https://inventory.labarchives.com/inventory/Y42JG5VENPQ8,Y42JG5VENPQ8,,Monoclonal,XLP-1D12,No,Primary,Mouse,Human
"Streptavidin,Qdot525",Invitrogen,Q10143MP,2026-03-31,125,µL,,2026-03-31,3287308,,Sony,E7,https://inventory.labarchives.com/inventory/MJQ922EQIXGX,MJQ922EQIXGX,,Monoclonal,,,Primary,,
"T-bet,eF660",Invitrogen,50-5825-82,2025-12-08,126,µL,Intracellular,2020-03-31,4329951,,RED,B7,https://inventory.labarchives.com/inventory/XP3MDPX950O4,XP3MDPX950O4,,Monoclonal,eBio4B10,No,Primary,Mouse,Human
"T-bet,eF660",Invitrogen,50-5825-82,2025-12-08,127,µL,Intracellular,2020-03-31,4329951,,RED,B8,https://inventory.labarchives.com/inventory/PJTPR9P5QIL7,PJTPR9P5QIL7,,Monoclonal,eBio4B10,No,Primary,Mouse,Human
"T-bet,eF660",Invitrogen,50-5825-82,2025-12-08,163,µL,Intracellular,2020-03-31,4329951,,RED,H2,https://inventory.labarchives.com/inventory/KMOOZ9J8X9WQ,KMOOZ9J8X9WQ,,Monoclonal,eBio4B10,No,Primary,Mouse,Human
"TerminalTransferase,AF647",BD,565231,2025-12-08,146,µL,Intracellular,2020-07-31,8008681,,RED,E4,https://inventory.labarchives.com/inventory/J56ZRJSVX6VS,J56ZRJSVX6VS,,Monoclonal,E17-1519,No,Primary,Mouse,Human
"TGF-B1,PE-CF594",BD,562422,2025-12-16,125,µL,Intracellular,2023-08-31,1293654,,DAVE'S ABs,E5,https://inventory.labarchives.com/inventory/MN1YIDAQ57M8,MN1YIDAQ57M8,,Monoclonal,TW4-9E7,No,Primary,Mouse,Human
"TGF-B1,PE-CF594",BD,562422,2025-12-08,139,µL,Intracellular,2021-08-31,9305996,,David Woods' Abs,B6,https://inventory.labarchives.com/inventory/REAZX9OYRMTR,REAZX9OYRMTR,,Monoclonal,TW4-9E7,No,Primary,Mouse,Human
"TIGIT,APC/CY7",BioLegend,372733,2026-01-15,125,µL,,2027-05-23,B396182,,Unassigned,A1,https://inventory.labarchives.com/inventory/V3IYYE0C1BZP,V3IYYE0C1BZP,,Monoclonal,A15153G,,Primary,Mouse,Human
"TIGIT,NFR700",Invitrogen,H01102R03-N,2025-12-23,125,µL,ANTI-TIGIT; NO EXPIRATION,2025-12-23,3060498,,MISC 2,A8,https://inventory.labarchives.com/inventory/BUHGXAMFVD5U,BUHGXAMFVD5U,,Monoclonal,MBSA43,No,Primary,,Human
"TIGIT,PE",Invitrogen,12-9500-42,2025-12-16,125,µL,Surface,2021-06-11,2036631,,ALKA 1,E4,https://inventory.labarchives.com/inventory/WG74W7T283S0,WG74W7T283S0,,Monoclonal,MBSA43,No,Primary,,Human
"TNF,BB630-P2",BD,624294,2025-12-16,125,µL,Intracellular,2023-04-08,2062788,,DAVE'S ABs,A1,https://inventory.labarchives.com/inventory/TJQ1A9C0W3W3,TJQ1A9C0W3W3,,Monoclonal,MAb11,No,Primary,Mouse,Human
"TNF,BB630-P2",BD,624294,2025-12-08,128,µL,Intracellular,2022-01-06,1015528,,David Woods' Abs,A4,https://inventory.labarchives.com/inventory/6UQ5MCNJDH6U,6UQ5MCNJDH6U,,Monoclonal,MAb11,No,Primary,Mouse,Human
"TNF,BUV395",BD,563996,2026-01-08,125,µL,Intracellular,2023-10-31,1036070,,ALZAMEND,J3,https://inventory.labarchives.com/inventory/2YM4S2JUU2UP,2YM4S2JUU2UP,,Monoclonal,MAb11,No,Primary,Mouse,Human
"TNF,BUV395",BD,563996,2025-12-16,125,µL,Intracellular,2020-10-31,8330683,,ALKA 1,G2,https://inventory.labarchives.com/inventory/8L0TU2XCCRG9,8L0TU2XCCRG9,,Monoclonal,MAb11,No,Primary,Mouse,Human
"TNF,BUV395",BD,563996,2025-12-08,125,µL,Intracellular,2024-02-29,1271128,,MISC 2,A1,https://inventory.labarchives.com/inventory/KQ7NO1T853C9,KQ7NO1T853C9,,Monoclonal,MAb11,No,Primary,Mouse,Human
"TNF,BUV395",BD,563996,2025-12-08,125,µL,Intracellular,2024-02-29,1271128,,MISC 2,A2,https://inventory.labarchives.com/inventory/K1D0KTU8MEAF,K1D0KTU8MEAF,,Monoclonal,MAb11,No,Primary,Mouse,Human
"TNF,BUV661",BD,624285,2025-12-16,125,µL,Intracellular,2019-05-01,8102565,,UV,H7,https://inventory.labarchives.com/inventory/WXEG37BWU8IG,WXEG37BWU8IG,,Monoclonal,MAb11,No,Primary,Mouse,Human
"TNF,BV750",BD,566359,2025-12-08,125,µL,Intracellular,2023-07-31,2066962,,David Woods' Innate,F2,https://inventory.labarchives.com/inventory/JGUASS7X8LTJ,JGUASS7X8LTJ,,Monoclonal,MAb11,No,Primary,Mouse,Human
"TNF,PE-Cy7",BD,560678,2025-12-08,125,µL,Intracellular,2021-01-31,9071833,,GREEN,J5,https://inventory.labarchives.com/inventory/ZAYZADAAOLXC,ZAYZADAAOLXC,,Monoclonal,MAb11,No,Primary,Mouse,Human
"TNF,PE-Cy7",BD,560678,2025-12-08,125,µL,Intracellular,2021-01-31,9071833,,GREEN,J7,https://inventory.labarchives.com/inventory/01TLNPXK560G,01TLNPXK560G,,Monoclonal,MAb11,No,Primary,Mouse,Human
"TNF,R718",BD,566957,2026-01-08,125,µL,Intracellular,2023-09-30,2252978,,ALZAMEND,E2,https://inventory.labarchives.com/inventory/OBDGSTM39S39,OBDGSTM39S39,,Monoclonal,MAb11,No,Primary,Mouse,Human
"TNF,R718",BD,566957,2026-01-08,125,µL,Intracellular,2023-09-30,2252978,,ALZAMEND,E3,https://inventory.labarchives.com/inventory/4GGIJJ8A4W18,4GGIJJ8A4W18,,Monoclonal,MAb11,No,Primary,Mouse,Human
"TNF,R718",BD,566957,2025-12-16,125,µL,Intracellular,2023-09-30,2252978,,LASE,B2,https://inventory.labarchives.com/inventory/859QZ9O49WLL,859QZ9O49WLL,,Monoclonal,MAb11,No,Primary,Mouse,Human
"YσTCR,BUV737",BD,748533,2026-03-31,125,µL,,2027-03-31,6078443,,Sony,D9,https://inventory.labarchives.com/inventory/5S1ENEP7DZ39,5S1ENEP7DZ39,,Monoclonal,11F2,No,Primary,Mouse,Human
